domain,priority,reason,flame_tp_ids,vt_malicious_count,vt_total_engines,vt_reputation,vt_last_analysis_date
0-mailer.dynv6.net,0,FLAME:TP-0079,TP-0079,0,92,0,2026-08-08
001250.xyz,0,FP-0009: IPIDEA Residential Proxy Network Infrastructure (conf: 80),,2,92,0,2026-10-09
001280.xyz,0,"FLAME:TP-0001,TP-0012,TP-0024","TP-0001,TP-0012,TP-0024",7,92,0,2026-10-08
001330.xyz,0,"FLAME:TP-0041,TP-0042,TP-0079","TP-0041,TP-0042,TP-0079",6,92,0,2026-10-04
002.city,0,FP-0009: IPIDEA Residential Proxy Network Infrastructure (conf: 80),,3,92,0,2026-09-15
008686.xyz,0,FP-0008: pickelhost/eye-mail ULA SPF Phishing Platform (conf: 90),TP-0001,12,92,0,2026-10-02
00jac.com,0,FP-0009: IPIDEA Residential Proxy Network Infrastructure (conf: 80),,11,92,0,2026-10-06
02bet.info,0,FLAME:TP-0036,TP-0036,0,92,0,2026-10-02
0543sh.com,0,"FLAME:TP-0032, TP-0049","TP-0032, TP-0049",0,92,0,2026-08-22
081430.xyz,0,FLAME:TP-0079,TP-0079,0,92,0,2026-10-02
089-100-176119.ntlworld.ie,0,FP-0008: pickelhost/eye-mail ULA SPF Phishing Platform (conf: 75),TP-0001,1,92,0,2026-10-02
089gmail.com,0,FLAME:TP-0012,TP-0012,14,92,0,2026-10-05
099833.xyz,0,"FLAME:TP-0041, TP-0079","TP-0041, TP-0079",1,92,0,2026-09-25
0accounts.com,0,FLAME:TP-0001,TP-0001,0,92,0,2026-07-27
0cd.cn,0,FP-0011: IP-KVM / Remote-Management Exposure (conf: 15),,0,92,0,2026-10-02
0hdear.com,0,"FLAME:TP-0042,TP-0048","TP-0042,TP-0048",0,92,0,2026-10-02
0nce.net,0,FLAME:TP-0001,TP-0001,0,92,0,2026-09-27
0ne0ut.com,0,FLAME:TP-0042,TP-0042,0,92,0,2026-08-18
0q4m62fw.mailosaur.net,0,FP-0009: IPIDEA Residential Proxy Network Infrastructure (conf: 80),,0,92,0,2026-09-12
100009700450398.medan4d.top,0,FLAME:TP-0079,TP-0079,0,92,0,2025-06-29
100022911612373.medan4d.top,0,FLAME:TP-0079,TP-0079,0,92,0,2025-06-30
100jilislot.net,0,"FLAME:TP-0079, TP-0060","TP-0079, TP-0060",0,92,0,2026-10-05
101185.xyz,0,FLAME:TP-0079,TP-0079,0,92,0,2026-10-02
1012.com,0,FP-0008: pickelhost/eye-mail ULA SPF Phishing Platform (conf: 75),TP-0001,0,92,0,2026-09-05
10betcasinomx.net,0,"FLAME:TP-0036,TP-0051","TP-0036,TP-0051",0,92,0,2026-10-08
10minuteemail.com,0,FP-0008: pickelhost/eye-mail ULA SPF Phishing Platform (conf: 75),TP-0001,0,92,0,2026-08-16
10minuteinbox.com,0,FLAME:TP-0043,TP-0043,0,92,0,2026-10-07
10minutemail.de,0,FP-0008: pickelhost/eye-mail ULA SPF Phishing Platform (conf: 75),TP-0001,4,92,0,2026-10-05
10minutenemail.de,0,FP-0011: IP-KVM / Remote-Management Exposure (conf: 15),,0,92,0,2026-03-14
10minutesmail.com,0,FLAME:TP-0043,TP-0043,0,92,0,2026-10-08
110mail.net,0,FP-0009: IPIDEA Residential Proxy Network Infrastructure (conf: 80),,0,92,0,2026-10-07
111gmail.com,0,"FLAME:TP-0001,TP-0012","TP-0001,TP-0012",9,92,0,2026-10-03
112288211.com,0,FLAME:TP-0041,TP-0041,0,92,0,2026-09-19
113388211.com,0,FLAME:TP-0041,TP-0041,0,92,0,2026-09-06
115mail.net,0,FP-0009: IPIDEA Residential Proxy Network Infrastructure (conf: 80),,0,92,0,2026-10-04
117788211.com,0,FLAME:TP-0041,TP-0041,0,92,0,2026-09-12
119988211.com,0,FLAME:TP-0041,TP-0041,0,92,0,2026-09-13
11lu.org,0,FP-0011: IP-KVM / Remote-Management Exposure (conf: 15),,0,92,0,2026-09-16
120400.xyz,0,FLAME:TP-0042,TP-0042,0,92,0,2026-10-06
1208designs.com,0,"FLAME:TP-0001,TP-0012","TP-0001,TP-0012",0,92,0,2026-10-02
121569.xyz,0,FLAME:TP-0079,TP-0079,0,92,0,2026-09-29
1234techland.info,0,FP-0008: pickelhost/eye-mail ULA SPF Phishing Platform (conf: 100),TP-0001,0,92,0,2026-10-03
1234yahoo.com,0,"FLAME:TP-0001,TP-0067","TP-0001,TP-0067",10,92,0,2026-10-09
123blink.info,0,FLAME:TP-0036,TP-0036,1,92,0,2026-09-25
123gmail.com,0,"FLAME:TP-0001,TP-0012","TP-0001,TP-0012",5,92,0,2026-10-10
123market.com,0,FP-0008: pickelhost/eye-mail ULA SPF Phishing Platform (conf: 75),TP-0001,0,92,0,2026-09-04
125bet.info,0,FP-0009: IPIDEA Residential Proxy Network Infrastructure (conf: 80),"TP-0012,TP-0036",0,92,0,2026-10-08
129.in,0,FP-0008: pickelhost/eye-mail ULA SPF Phishing Platform (conf: 75),TP-0001,0,92,0,2026-09-22
12904.com,0,"FLAME:TP-0001,TP-0012","TP-0001,TP-0012",0,92,0,2026-09-17
12betlink.info,0,"FLAME:TP-0079, TP-0060","TP-0079, TP-0060",0,92,0,2026-10-02
12minutemail.net,0,FP-0011: IP-KVM / Remote-Management Exposure (conf: 15),,0,92,0,2026-01-27
12nzrfan.mailosaur.net,0,FP-0009: IPIDEA Residential Proxy Network Infrastructure (conf: 80),,0,92,0,2026-09-12
12vegascasino.net,0,"FLAME:TP-0012,TP-0036","TP-0012,TP-0036",0,92,0,2026-09-29
12xlshop.com,0,FP-0009: IPIDEA Residential Proxy Network Infrastructure (conf: 80),,0,92,0,2026-08-30
131qs.com,0,"FLAME:TP-0012,TP-0036","TP-0012,TP-0036",0,92,0,2026-10-06
132236.xyz,0,FLAME:TP-0079,TP-0079,13,92,0,2026-10-04
1350.com,0,FP-0008: pickelhost/eye-mail ULA SPF Phishing Platform (conf: 75),TP-0001,0,92,0,2026-10-02
136.cn.com,0,"FLAME:TP-0012,TP-0036","TP-0012,TP-0036",0,92,0,2026-09-26
136betcasino.info,0,"FLAME:TP-0012,TP-0036","TP-0012,TP-0036",0,92,0,2026-10-10
1370.com,0,FP-0008: pickelhost/eye-mail ULA SPF Phishing Platform (conf: 75),TP-0001,0,92,-1,2026-10-02
138500.xyz,0,FLAME:TP-0079,TP-0079,0,92,0,2026-10-02
13bet.info,0,"FLAME:TP-0012,TP-0036","TP-0012,TP-0036",0,92,0,2026-10-01
13win23com.com,0,"FLAME:TP-0079, TP-0060","TP-0079, TP-0060",0,92,0,2026-10-02
143gmail.com,0,"FLAME:TP-0001,TP-0067","TP-0001,TP-0067",3,92,0,2026-10-05
144206.com,0,FLAME:TP-0041,TP-0041,0,92,0,2026-07-03
149837.com,0,FLAME:TP-0060,TP-0060,0,92,0,2026-10-05
15057700.com,0,"FLAME:TP-0041,TP-0042","TP-0041,TP-0042",11,92,0,2026-10-05
15057722.com,0,"FLAME:TP-0041,TP-0042","TP-0041,TP-0042",0,92,0,2026-10-06
15057755.com,0,"FLAME:TP-0041,TP-0042","TP-0041,TP-0042",0,92,0,2026-07-27
15057777.com,0,"FLAME:TP-0041,TP-0042","TP-0041,TP-0042",0,92,0,2026-09-24
15057799.com,0,"FLAME:TP-0041,TP-0042","TP-0041,TP-0042",10,92,0,2026-10-04
150610.xyz,0,FLAME:TP-0079,TP-0079,1,92,0,2026-10-02
151qs.com,0,FLAME:TP-0043,TP-0043,0,92,0,2026-10-08
152news.com,0,"FLAME:TP-0041,TP-0042","TP-0041,TP-0042",0,92,0,2026-10-04
154news.com,0,"FLAME:TP-0041,TP-0042","TP-0041,TP-0042",1,92,0,2026-10-09
155bets.net,0,FP-0009: IPIDEA Residential Proxy Network Infrastructure (conf: 80),"TP-0036,TP-0051",0,92,0,2026-09-24
158.com,0,FP-0008: pickelhost/eye-mail ULA SPF Phishing Platform (conf: 75),TP-0001,3,92,0,2026-10-10
158877.com,0,"FLAME:TP-0041,TP-0042","TP-0041,TP-0042",9,92,-1,2026-10-05
15h.ru,0,"FLAME:TP-0041,TP-0042","TP-0041,TP-0042",0,92,0,2026-10-02
15qm-dea-2.xyz,0,FP-0009: IPIDEA Residential Proxy Network Infrastructure (conf: 80),,0,92,-1,2026-02-10
15winbet.info,0,"FLAME:TP-0036,TP-0051","TP-0036,TP-0051",0,92,0,2026-10-04
160bet.info,0,"FLAME:TP-0036,TP-0051","TP-0036,TP-0051",0,92,0,2026-10-02
161332.com,0,"FLAME:TP-0041,TP-0042","TP-0041,TP-0042",9,92,0,2026-09-27
161aaa161.com,0,"FLAME:TP-0041,TP-0042","TP-0041,TP-0042",0,92,0,2026-10-03
161betlogin.info,0,FP-0009: IPIDEA Residential Proxy Network Infrastructure (conf: 80),"TP-0001,TP-0036",0,92,0,2026-10-02
161fff161.com,0,"FLAME:TP-0041,TP-0042","TP-0041,TP-0042",0,92,0,2026-10-02
161ii161.com,0,"FLAME:TP-0041,TP-0042","TP-0041,TP-0042",0,92,0,2026-10-01
161jjj161.com,0,"FLAME:TP-0041,TP-0042","TP-0041,TP-0042",0,92,0,2026-08-20
161ooo161.com,0,"FLAME:TP-0041,TP-0042","TP-0041,TP-0042",0,92,0,2026-10-10
161ww161.com,0,"FLAME:TP-0041,TP-0042","TP-0041,TP-0042",0,92,0,2026-10-04
161yyy161.com,0,"FLAME:TP-0041,TP-0042","TP-0041,TP-0042",0,92,0,2026-10-08
163.com.org,0,FLAME:TP-0041,TP-0041,0,92,0,2026-10-02
164qq.com,0,FLAME:TP-0043,TP-0043,0,92,0,2026-09-22
166886.xyz,0,"FLAME:TP-0041,TP-0042","TP-0041,TP-0042",0,92,0,2026-10-02
1676.ru,0,"FLAME:TP-0041,TP-0042","TP-0041,TP-0042",0,92,0,2026-09-24
16816889.xyz,0,FP-0011: IP-KVM / Remote-Management Exposure (conf: 60),,0,92,0,2026-09-25
17.org,0,FP-0008: pickelhost/eye-mail ULA SPF Phishing Platform (conf: 75),TP-0001,0,92,0,2026-10-05
1704390834.maskmy.id,0,FP-0009: IPIDEA Residential Proxy Network Infrastructure (conf: 80),,,,,
171630.app,0,"FLAME:TP-0041,TP-0042","TP-0041,TP-0042",0,92,0,2026-01-09
1716eee.com,0,"FLAME:TP-0041,TP-0042","TP-0041,TP-0042",13,92,0,2026-10-02
