keyword,count
email,381
sale,371
information,321
resources,318
just,310
moment,303
hugedomains,252
soon,215
coming,214
cloudflare,199
online,170
attention,157
required,157
temporary,141
free,124
8211,113
news,111
disposable,108
your,103
loading,101
mail,94
name,90
been,83
sorry,77
stopped,76
nbspthis,76
salenbsp,76
future,74
shopify,74
platform,71
best,69
system,66
services,63
more,60
hostinger,60
offers,56
minutes,55
expired,54
registrations,54
casino,52
fastpanel,46
with,44
software,44
game,42
spaceshipcom,42
hugedomainscom,40
premium,39
businesses,38
commerce,38
login,37
