domain,target,reason,confidence
1gmail.com,Gmail (Google),Typosquatting - prepending '1' to legitimate brand,High
1hotmail.com,Outlook (Microsoft),Typosquatting - prepending '1' to legitimate brand (Hotmail is Microsoft),High
365yahoo.com,Microsoft/Yahoo combo,Combo-squatting - combining '365' (Microsoft Office 365) with Yahoo brand,Medium
603gmail.com,Gmail (Google),Typosquatting - prepending numbers to legitimate brand,High
67gmil.com,Gmail (Google),Typosquatting - missing 'a' in gmail with number prefix,High
68yahoo.com,Yahoo,Typosquatting - prepending numbers to brand name,Medium
755gmail.com,Gmail (Google),Typosquatting - prepending numbers to legitimate brand,High
binace.com,Binance,Typosquatting - missing 'n' in Binance,High
etoreo.com,eToro (financial platform),Typosquatting - transposed letters,Medium
g-mail.com,Gmail (Google),Typosquatting - hyphenated version of Gmail,High
g.mail.com,Gmail (Google),Typosquatting - dotted version of Gmail,High
gail.com,Gmail (Google),Typosquatting - missing 'm' in Gmail,High
gamil.com,Gmail (Google),Typosquatting - transposed 'a' and 'm' in Gmail,High
geail.com,Gmail (Google),Typosquatting - 'e' instead of 'm' in Gmail,High
ggmail.com,Gmail (Google),Typosquatting - doubled 'g' in Gmail,High
gma2il.com,Gmail (Google),Typosquatting - '2' inserted in Gmail,High
gmaail.com,Gmail (Google),Typosquatting - doubled 'a' in Gmail,High
gmaal.com,Gmail (Google),Typosquatting - missing 'i' in Gmail,High
gmai.com,Gmail (Google),Typosquatting - missing 'l' in Gmail,High
gmai9l.com,Gmail (Google),Typosquatting - '9' inserted in Gmail,High
gmaiil.com,Gmail (Google),Typosquatting - doubled 'i' in Gmail,High
gmaik.com,Gmail (Google),Typosquatting - 'k' instead of 'l' in Gmail,High
gmail0.com,Gmail (Google),Typosquatting - appending '0' to Gmail,High
gmail5.com,Gmail (Google),Typosquatting - appending '5' to Gmail,High
gmail8.com,Gmail (Google),Typosquatting - appending '8' to Gmail,High
gmailg.com,Gmail (Google),Typosquatting - appending 'g' to Gmail,High
gmailh.com,Gmail (Google),Typosquatting - appending 'h' to Gmail,High
gmailk.com,Gmail (Google),Typosquatting - appending 'k' to Gmail,High
gmaill.com,Gmail (Google),Typosquatting - doubled 'l' in Gmail,High
gmailm.com,Gmail (Google),Typosquatting - appending 'm' to Gmail,High
gmailr.com,Gmail (Google),Typosquatting - appending 'r' to Gmail,High
gmails.com,Gmail (Google),Typosquatting - appending 's' to Gmail,High
gmaim.com,Gmail (Google),Typosquatting - 'm' instead of 'l' in Gmail,High
gmain.com,Gmail (Google),Typosquatting - 'n' instead of 'l' in Gmail,High
gmaiol.com,Gmail (Google),Typosquatting - 'o' inserted in Gmail,High
gmaip.com,Gmail (Google),Typosquatting - 'p' instead of 'l' in Gmail,High
gmaiul.com,Gmail (Google),Typosquatting - 'u' inserted in Gmail,High
gmakil.com,Gmail (Google),Typosquatting - 'k' inserted in Gmail,High
gmakl.com,Gmail (Google),Typosquatting - 'k' instead of 'i' in Gmail,High
gmal.com,Gmail (Google),Typosquatting - missing 'i' in Gmail,High
gmali.com,Gmail (Google),Typosquatting - transposed 'l' and 'i' in Gmail,High
gmall.com,Gmail (Google),Typosquatting - missing 'i' with doubled 'l' in Gmail,High
gmaol.com,Gmail (Google),Typosquatting - 'o' instead of 'i' in Gmail,High
gmasil.com,Gmail (Google),Typosquatting - 's' inserted in Gmail,High
gmauil.com,Gmail (Google),Typosquatting - 'u' inserted in Gmail,High
gmaul.com,Google,Typo of 'gmail' (i→u substitution),High
gmeil.com,Google,Typo of 'gmail' (a→e substitution),High
gmial.com,Google,Typo of 'gmail' (transposition of 'ai'),High
gmil.com,Google,Typo of 'gmail' (missing 'a'),High
gmkail.com,Google,Typo of 'gmail' (insertion of 'k'),High
gmlail.com,Google,Typo of 'gmail' (insertion of 'l'),High
gmmail.com,Google,Typo of 'gmail' (insertion of 'm'),High
gmpail.com,Google,Typo of 'gmail' (insertion of 'p'),High
gmqail.com,Google,Typo of 'gmail' (insertion of 'q'),High
gmqil.com,Google,Typo of 'gmail' (a→q substitution),High
gmsail.com,Google,Typo of 'gmail' (insertion of 's'),High
gmsil.com,Google,Typo of 'gmail' (a→s substitution),High
gmwail.com,Google,Typo of 'gmail' (insertion of 'w'),High
gmzil.com,Google,Typo of 'gmail' (a→z substitution),High
gnail.com,Google,Typo of 'gmail' (m→n substitution),High
gnmail.com,Google,Typo of 'gmail' (m→n substitution),High
goail.com,Google,Typo of 'gmail' (m→o substitution),High
googlee.com,Google,Typo of 'google' (extra 'e'),High
googlet.com,Google,Typo of 'google' (e→t substitution),High
googli.com,Google,Typo of 'google' (e→i substitution),High
gtmail.com,Google,Typo of 'gmail' (insertion of 't'),High
hubsp0t.com,Salesforce,Homoglyph of 'hubspot' (o→0 substitution) - Salesforce-owned brand,High
pple.com,Apple,Typo of 'apple' (missing 'a'),High
qmail.com,Google,Typo of 'gmail' (g→q substitution),High
salesfotce.com,Salesforce,Typo of 'salesforce' (r→t substitution),High
sepotify.com,Spotify,Typo of 'spotify' (insertion of 'e'),High
tgmail.com,Google,Typo of 'gmail' (insertion of 't'),High
tmail.com,Google,Typo of 'gmail' (missing 'g'),High
toogle.com,Google,Typo of 'google' (g→t substitution),High
xn--gmal-nza.com,Google,IDN homoglyph of 'gmail' (internationalized domain),High
xn--gmal-spa.com,Google,IDN homoglyph of 'gmail' (internationalized domain),High
xn--mail-kxa.com,Google,IDN homoglyph of 'gmail' (internationalized domain),High
zber.com,Uber,Typo of 'uber' (u→z substitution),High
zmail.com,Google,Typo of 'gmail' (g→z substitution),High
00.0.gmail.com.gmail.8.3.gmail.35.cad.creou.dev,Google,Combo-squatting with 'gmail' subdomain abuse,High
001gmail.com,Google,Combo-squatting with numeric prefix on 'gmail',High
002gmail.com,Google,Combo-squatting with numeric prefix on 'gmail',High
004gmail.com,Google,Combo-squatting with numeric prefix on 'gmail',High
005gmail.com,Google,Combo-squatting with numeric prefix on 'gmail',High
006gmail.com,Google,Combo-squatting with numeric prefix on 'gmail',High
007gmail.com,Google,Combo-squatting with numeric prefix on 'gmail',High
008gmail.com,Google,Combo-squatting with numeric prefix on 'gmail',High
009gmail.com,Google,Combo-squatting with numeric prefix on 'gmail',High
010gmail.com,Google,Combo-squatting with numeric prefix on 'gmail',High
011gmail.com,Google,Combo-squatting with numeric prefix on 'gmail',High
01252gmail.com,Google,Combo-squatting with numeric prefix on 'gmail',High
012gmail.com,Google,Combo-squatting with numeric prefix on 'gmail',High
014gmail.com,Google,Combo-squatting with numeric prefix on 'gmail',High
016gmail.com,Google,Combo-squatting with numeric prefix on 'gmail',High
017gmail.com,Google,Combo-squatting with numeric prefix on 'gmail',High
019gmail.com,Google,Combo-squatting with numeric prefix on 'gmail',High
01gmail.com,Google,Combo-squatting with numeric prefix on 'gmail',High
0202gmail.com,Google,Combo-squatting with numeric prefix on 'gmail',High
020gmail.com,Google,Combo-squatting with numeric prefix on 'gmail',High
021gmail.com,Google,Combo-squatting with numeric prefix on 'gmail',High
022gmail.com,Google,Combo-squatting with numeric prefix on 'gmail',High
023gmail.com,Google,Combo-squatting with numeric prefix on 'gmail',High
025gmail.com,Google,Combo-squatting with numeric prefix on 'gmail',High
028gmail.com,Google,Combo-squatting with numeric prefix on 'gmail',High
029gmail.com,Google,Combo-squatting with numeric prefix on 'gmail',High
02gmail.com,Google,Combo-squatting with numeric prefix on 'gmail',High
030gmail.com,Google,Combo-squatting with numeric prefix on 'gmail',High
031gmail.com,Google,Combo-squatting with numeric prefix on 'gmail',High
032gmail.com,Google,Combo-squatting with numeric prefix on 'gmail',High
036gmail.com,Google,Combo-squatting with numeric prefix on 'gmail',High
039gmail.com,Google,Combo-squatting with numeric prefix on 'gmail',High
03gmail.com,Google,Combo-squatting with numeric prefix on 'gmail',High
041gmail.com,Google,Combo-squatting with numeric prefix on 'gmail',High
042gmail.com,Google,Combo-squatting with numeric prefix on 'gmail',High
043gmail.com,Google,Combo-squatting with numeric prefix on 'gmail',High
047gmail.com,Google,Combo-squatting with numeric prefix on 'gmail',High
04gmail.com,Google,Combo-squatting with numeric prefix on 'gmail',High
050gmail.com,Google,Combo-squatting with numeric prefix on 'gmail',High
057gmail.com,Google,Combo-squatting with numeric prefix on 'gmail',High
058gmail.com,Google,Combo-squatting with numeric prefix on 'gmail',High
059gmail.com,Google,Combo-squatting with numeric prefix on 'gmail',High
05gmail.com,Google,Combo-squatting with numeric prefix on 'gmail',High
060gmail.com,Google,Combo-squatting with numeric prefix on 'gmail',High
062gmail.com,Google,Combo-squatting with numeric prefix on 'gmail',High
063gmail.com,Google,Combo-squatting with numeric prefix on 'gmail',High
065gmail.com,Google,Combo-squatting with numeric prefix on 'gmail',High
066gmail.com,Google,Combo-squatting with numeric prefix on 'gmail',High
067gmail.com,Google,Combo-squatting with numeric prefix on 'gmail',High
068gmail.com,Google,Combo-squatting with numeric prefix on 'gmail',High
06gmail.com,Google,Combo-squatting with numeric prefix on 'gmail',High
071gmail.com,Google,Typosquatting - numeric prefix added to 'gmail' (Google service),High
078gmail.com,Google,Typosquatting - numeric prefix added to 'gmail' (Google service),High
079gmail.com,Google,Typosquatting - numeric prefix added to 'gmail' (Google service),High
07gmail.com,Google,Typosquatting - numeric prefix added to 'gmail' (Google service),High
086gmail.com,Google,Typosquatting - numeric prefix added to 'gmail' (Google service),High
087gmail.com,Google,Typosquatting - numeric prefix added to 'gmail' (Google service),High
089gmail.com,Google,Typosquatting - numeric prefix added to 'gmail' (Google service),High
08gmail.com,Google,Typosquatting - numeric prefix added to 'gmail' (Google service),High
090gmail.com,Google,Typosquatting - numeric prefix added to 'gmail' (Google service),High
091gmail.com,Google,Typosquatting - numeric prefix added to 'gmail' (Google service),High
092gmail.com,Google,Typosquatting - numeric prefix added to 'gmail' (Google service),High
093gmail.com,Google,Typosquatting - numeric prefix added to 'gmail' (Google service),High
095gmail.com,Google,Typosquatting - numeric prefix added to 'gmail' (Google service),High
096gmail.com,Google,Typosquatting - numeric prefix added to 'gmail' (Google service),High
097gmail.com,Google,Typosquatting - numeric prefix added to 'gmail' (Google service),High
098gmail.com,Google,Typosquatting - numeric prefix added to 'gmail' (Google service),High
099gmail.com,Google,Typosquatting - numeric prefix added to 'gmail' (Google service),High
09gmail.com,Google,Typosquatting - numeric prefix added to 'gmail' (Google service),High
1.a.z.1.gmail.i.0.83.y.9.aiot.ptcu.dev,Google,Subdomain abuse - 'gmail' embedded in suspicious subdomain structure,High
1000gmail.com,Google,Typosquatting - numeric prefix added to 'gmail' (Google service),High
1001gmail.com,Google,Typosquatting - numeric prefix added to 'gmail' (Google service),High
100gmail.com,Google,Typosquatting - numeric prefix added to 'gmail' (Google service),High
1012gmail.com,Google,Typosquatting - numeric prefix added to 'gmail' (Google service),High
101gmail.com,Google,Typosquatting - numeric prefix added to 'gmail' (Google service),High
102gmail.com,Google,Typosquatting - numeric prefix added to 'gmail' (Google service),High
105gmail.com,Google,Typosquatting - numeric prefix added to 'gmail' (Google service),High
106gmail.com,Google,Typosquatting - numeric prefix added to 'gmail' (Google service),High
111gmail.com,Google,Typosquatting - numeric prefix added to 'gmail' (Google service),High
112gmail.com,Google,Typosquatting - numeric prefix added to 'gmail' (Google service),High
113gmail.com,Google,Typosquatting - numeric prefix added to 'gmail' (Google service),High
114gmail.com,Google,Typosquatting - numeric prefix added to 'gmail' (Google service),High
115gmail.com,Google,Typosquatting - numeric prefix added to 'gmail' (Google service),High
116gmail.com,Google,Typosquatting - numeric prefix added to 'gmail' (Google service),High
11gmail.com,Google,Typosquatting - numeric prefix added to 'gmail' (Google service),High
120gmail.com,Google,Typosquatting - numeric prefix added to 'gmail' (Google service),High
1212gmail.com,Google,Typosquatting - numeric prefix added to 'gmail' (Google service),High
1213gmail.com,Google,Typosquatting - numeric prefix added to 'gmail' (Google service),High
121gmail.com,Google,Typosquatting - numeric prefix added to 'gmail' (Google service),High
122gmail.com,Google,Typosquatting - numeric prefix added to 'gmail' (Google service),High
12345gmail.com,Google,Typosquatting - numeric prefix added to 'gmail' (Google service),High
1234gmail.com,Google,Typosquatting - numeric prefix added to 'gmail' (Google service),High
123gmail.com,Google,Typosquatting - numeric prefix added to 'gmail' (Google service),High
124gmail.com,Google,Typosquatting - numeric prefix added to 'gmail' (Google service),High
125gmail.com,Google,Typosquatting - numeric prefix added to 'gmail' (Google service),High
127gmail.com,Google,Typosquatting - numeric prefix added to 'gmail' (Google service),High
128gmail.com,Google,Typosquatting - numeric prefix added to 'gmail' (Google service),High
129gmail.com,Google,Typosquatting - numeric prefix added to 'gmail' (Google service),High
12gmail.com,Google,Typosquatting - numeric prefix added to 'gmail' (Google service),High
13.1955gmail.com,Google,Typosquatting - numeric prefix added to 'gmail' (Google service),High
130gmail.com,Google,Typosquatting - numeric prefix added to 'gmail' (Google service),High
1313gmail.com,Google,Typosquatting - numeric prefix added to 'gmail' (Google service),High
134gmail.com,Google,Typosquatting - numeric prefix added to 'gmail' (Google service),High
138gmail.com,Google,Typosquatting - numeric prefix added to 'gmail' (Google service),High
139gmail.com,Google,Typosquatting - numeric prefix added to 'gmail' (Google service),High
13gmail.com,Google,Typosquatting - numeric prefix added to 'gmail' (Google service),High
140gmail.com,Google,Typosquatting - numeric prefix added to 'gmail' (Google service),High
141gmail.com,Google,Typosquatting - numeric prefix added to 'gmail' (Google service),High
143gmail.com,Google,Typosquatting - numeric prefix added to 'gmail' (Google service),High
144gmail.com,Google,Typosquatting - numeric prefix added to 'gmail' (Google service),High
145gmail.com,Google,Typosquatting - numeric prefix added to 'gmail' (Google service),High
146gmail.com,Google,Typosquatting - numeric prefix added to 'gmail' (Google service),High
147gmail.com,Google,Typosquatting - numeric prefix added to 'gmail' (Google service),High
149gmail.com,Google,Typosquatting - numeric prefix added to 'gmail' (Google service),High
14gmail.com,Google,Typosquatting - numeric prefix added to 'gmail' (Google service),High
15.02gmail.com,Google,Typosquatting - numeric prefix added to 'gmail' (Google service),High
150gmail.com,Google,Typosquatting - numeric prefix added to 'gmail' (Google service),High
151gmail.com,Google,Typosquatting - numeric prefix added to 'gmail' (Google service),High
152gmail.com,Google,Typosquatting - numeric prefix added to 'gmail' (Google service),High
153gmail.com,Google,Typosquatting - numeric prefix added to 'gmail' (Google service),High
154gmail.com,Google,Typosquatting - numeric prefix added to 'gmail' (Google service),High
155gmail.com,Google,Typosquatting - numeric prefix added to 'gmail' (Google service),High
156gmail.com,Google,Typosquatting - numeric prefix added to 'gmail' (Google service),High
157gmail.com,Google,Typosquatting - numeric prefix added to 'gmail' (Google service),High
15gmail.com,Google,Typosquatting - numeric prefix added to 'gmail' (Google service),High
161gmail.com,Google,Typosquatting - numeric prefix added to 'gmail' (Google service),High
164gmail.com,Google,Typosquatting - numeric prefix added to 'gmail' (Google service),High
166gmail.com,Google,Typosquatting - numeric prefix added to 'gmail' (Google service),High
167gmail.com,Google,Typosquatting - numeric prefix added to 'gmail' (Google service),High
168gmail.com,Google,Typosquatting - numeric prefix added to 'gmail' (Google service),High
16gmail.com,Google,Typosquatting - numeric prefix added to 'gmail' (Google service),High
170gmail.com,Google,Typosquatting - numeric prefix added to 'gmail' (Google service),High
171gmail.com,Google,Typosquatting - numeric prefix added to 'gmail' (Google service),High
174gmail.com,Google,Typosquatting - numeric prefix added to 'gmail' (Google service),High
175gmail.com,Google,Typosquatting - numeric prefix added to 'gmail' (Google service),High
176gmail.com,Google,Typosquatting - numeric prefix added to 'gmail' (Google service),High
178gmail.com,Google,Typosquatting - numeric prefix added to 'gmail' (Google service),High
179gmail.com,Google,Typosquatting - numeric prefix added to 'gmail' (Google service),High
17gmail.com,Google,Typosquatting - numeric prefix added to 'gmail' (Google service),High
182gmail.com,Google,Typosquatting - numeric prefix added to 'gmail' (Google service),High
183gmail.com,Google,Typosquatting - numeric prefix added to 'gmail' (Google service),High
185gmail.com,Google,Typosquatting - numeric prefix added to 'gmail' (Google service),High
186gmail.com,Google,Typosquatting - numeric prefix added to 'gmail' (Google service),High
187gmail.com,Google,Typosquatting - numeric prefix added to 'gmail' (Google service),High
188gmail.com,Google,Typosquatting - numeric prefix added to 'gmail' (Google service),High
189gmail.com,Google,Typosquatting - numeric prefix added to 'gmail' (Google service),High
18gmail.com,Google,Typosquatting - numeric prefix added to 'gmail' (Google service),High
190gmail.com,Google,"Typosquatting - Gmail is a Google service, numeric prefix combo-squatting",High
1944gmail.com,Google,"Typosquatting - Gmail is a Google service, numeric prefix combo-squatting",High
194gmail.com,Google,"Typosquatting - Gmail is a Google service, numeric prefix combo-squatting",High
1950gmail.com,Google,"Typosquatting - Gmail is a Google service, numeric prefix combo-squatting",High
1953gmail.com,Google,"Typosquatting - Gmail is a Google service, numeric prefix combo-squatting",High
1956gmail.com,Google,"Typosquatting - Gmail is a Google service, numeric prefix combo-squatting",High
1957gmail.com,Google,"Typosquatting - Gmail is a Google service, numeric prefix combo-squatting",High
1959gmail.com,Google,"Typosquatting - Gmail is a Google service, numeric prefix combo-squatting",High
1960gmail.com,Google,"Typosquatting - Gmail is a Google service, numeric prefix combo-squatting",High
1961gmail.com,Google,"Typosquatting - Gmail is a Google service, numeric prefix combo-squatting",High
1963gmail.com,Google,"Typosquatting - Gmail is a Google service, numeric prefix combo-squatting",High
1964gmail.com,Google,"Typosquatting - Gmail is a Google service, numeric prefix combo-squatting",High
1969gmail.com,Google,"Typosquatting - Gmail is a Google service, numeric prefix combo-squatting",High
196gmail.com,Google,"Typosquatting - Gmail is a Google service, numeric prefix combo-squatting",High
1970gmail.com,Google,"Typosquatting - Gmail is a Google service, numeric prefix combo-squatting",High
1974gmail.com,Google,"Typosquatting - Gmail is a Google service, numeric prefix combo-squatting",High
1975gmail.com,Google,"Typosquatting - Gmail is a Google service, numeric prefix combo-squatting",High
1978gmail.com,Google,"Typosquatting - Gmail is a Google service, numeric prefix combo-squatting",High
1979gmail.com,Google,"Typosquatting - Gmail is a Google service, numeric prefix combo-squatting",High
1980gmail.com,Google,"Typosquatting - Gmail is a Google service, numeric prefix combo-squatting",High
1981gmail.com,Google,"Typosquatting - Gmail is a Google service, numeric prefix combo-squatting",High
1982gmail.com,Google,"Typosquatting - Gmail is a Google service, numeric prefix combo-squatting",High
1983gmail.com,Google,"Typosquatting - Gmail is a Google service, numeric prefix combo-squatting",High
1984gmail.com,Google,"Typosquatting - Gmail is a Google service, numeric prefix combo-squatting",High
1985gmail.com,Google,"Typosquatting - Gmail is a Google service, numeric prefix combo-squatting",High
1986gmail.com,Google,"Typosquatting - Gmail is a Google service, numeric prefix combo-squatting",High
1987gmail.com,Google,"Typosquatting - Gmail is a Google service, numeric prefix combo-squatting",High
1988gmail.com,Google,"Typosquatting - Gmail is a Google service, numeric prefix combo-squatting",High
1989gmail.com,Google,"Typosquatting - Gmail is a Google service, numeric prefix combo-squatting",High
198gmail.com,Google,"Typosquatting - Gmail is a Google service, numeric prefix combo-squatting",High
1990gmail.com,Google,"Typosquatting - Gmail is a Google service, numeric prefix combo-squatting",High
1991gmail.com,Google,"Typosquatting - Gmail is a Google service, numeric prefix combo-squatting",High
1992gmail.com,Google,"Typosquatting - Gmail is a Google service, numeric prefix combo-squatting",High
1993gmail.com,Google,"Typosquatting - Gmail is a Google service, numeric prefix combo-squatting",High
1994gmail.com,Google,"Typosquatting - Gmail is a Google service, numeric prefix combo-squatting",High
1995gmail.com,Google,"Typosquatting - Gmail is a Google service, numeric prefix combo-squatting",High
1996gmail.com,Google,"Typosquatting - Gmail is a Google service, numeric prefix combo-squatting",High
1997gmail.com,Google,"Typosquatting - Gmail is a Google service, numeric prefix combo-squatting",High
1998gmail.com,Google,"Typosquatting - Gmail is a Google service, numeric prefix combo-squatting",High
1999gmail.com,Google,"Typosquatting - Gmail is a Google service, numeric prefix combo-squatting",High
199gmail.com,Google,"Typosquatting - Gmail is a Google service, numeric prefix combo-squatting",High
19gmail.com,Google,"Typosquatting - Gmail is a Google service, numeric prefix combo-squatting",High
1gmail.net,Google,"Typosquatting - Gmail is a Google service, wrong TLD (.net instead of .com)",High
1googlemail.com,Google,Typosquatting - Googlemail variant with numeric prefix,High
2000gmail.com,Google,"Typosquatting - Gmail is a Google service, numeric prefix combo-squatting",High
2001gmail.com,Google,"Typosquatting - Gmail is a Google service, numeric prefix combo-squatting",High
2002gmail.com,Google,"Typosquatting - Gmail is a Google service, numeric prefix combo-squatting",High
2003gmail.com,Google,"Typosquatting - Gmail is a Google service, numeric prefix combo-squatting",High
2004gmail.com,Google,"Typosquatting - Gmail is a Google service, numeric prefix combo-squatting",High
2005gmail.com,Google,"Typosquatting - Gmail is a Google service, numeric prefix combo-squatting",High
2006gmail.com,Google,"Typosquatting - Gmail is a Google service, numeric prefix combo-squatting",High
2007gmail.com,Google,"Typosquatting - Gmail is a Google service, numeric prefix combo-squatting",High
2008gmail.com,Google,"Typosquatting - Gmail is a Google service, numeric prefix combo-squatting",High
2009gmail.com,Google,"Typosquatting - Gmail is a Google service, numeric prefix combo-squatting",High
200gmail.com,Google,"Typosquatting - Gmail is a Google service, numeric prefix combo-squatting",High
2010gmail.com,Google,"Typosquatting - Gmail is a Google service, numeric prefix combo-squatting",High
2011gmail.com,Google,"Typosquatting - Gmail is a Google service, numeric prefix combo-squatting",High
2014gmail.com,Google,"Typosquatting - Gmail is a Google service, numeric prefix combo-squatting",High
2016gmail.com,Google,"Typosquatting - Gmail is a Google service, numeric prefix combo-squatting",High
2017gmail.com,Google,"Typosquatting - Gmail is a Google service, numeric prefix combo-squatting",High
2018gmail.com,Google,"Typosquatting - Gmail is a Google service, numeric prefix combo-squatting",High
2019gmail.com,Google,"Typosquatting - Gmail is a Google service, numeric prefix combo-squatting",High
201gmail.com,Google,"Typosquatting - Gmail is a Google service, numeric prefix combo-squatting",High
2020gmail.com,Google,"Typosquatting - Gmail is a Google service, numeric prefix combo-squatting",High
204gmail.com,Google,"Typosquatting - Gmail is a Google service, numeric prefix combo-squatting",High
206gmail.com,Google,"Typosquatting - Gmail is a Google service, numeric prefix combo-squatting",High
208gmail.com,Google,"Typosquatting - Gmail is a Google service, numeric prefix combo-squatting",High
20gmail.co.com,Google,"Typosquatting - Gmail is a Google service, numeric prefix with suspicious TLD",High
210gmail.com,Google,"Typosquatting - Gmail is a Google service, numeric prefix combo-squatting",High
211gmail.com,Google,"Typosquatting - Gmail is a Google service, numeric prefix combo-squatting",High
2121gmail.com,Google,"Typosquatting - Gmail is a Google service, numeric prefix combo-squatting",High
212gmail.com,Google,"Typosquatting - Gmail is a Google service, numeric prefix combo-squatting",High
216gmail.com,Google,"Typosquatting - Gmail is a Google service, numeric prefix combo-squatting",High
218gmail.com,Google,"Typosquatting - Gmail is a Google service, numeric prefix combo-squatting",High
219gmail.com,Google,"Typosquatting - Gmail is a Google service, numeric prefix combo-squatting",High
220gmail.com,Google,"Typosquatting - Gmail is a Google service, numeric prefix combo-squatting",High
221gmail.com,Google,"Typosquatting - Gmail is a Google service, numeric prefix combo-squatting",High
2222gmail.com,Google,"Typosquatting - Gmail is a Google service, numeric prefix combo-squatting",High
222gmail.com,Google,"Typosquatting - Gmail is a Google service, numeric prefix combo-squatting",High
223gmail.com,Google,"Typosquatting - Gmail is a Google service, numeric prefix combo-squatting",High
224gmail.com,Google,"Typosquatting - Gmail is a Google service, numeric prefix combo-squatting",High
227gmail.com,Google,"Typosquatting - Gmail is a Google service, numeric prefix combo-squatting",High
231gmail.com,Google,"Typosquatting - Gmail is a Google service, numeric prefix combo-squatting",High
2323gmail.com,Google,"Typosquatting - Gmail is a Google service, numeric prefix combo-squatting",High
232gmail.com,Google,"Typosquatting - Gmail is a Google service, numeric prefix combo-squatting",High
234gmail.com,Google,"Typosquatting - Gmail is a Google service, numeric prefix combo-squatting",High
235gmail.com,Google,"Typosquatting - Gmail is a Google service, numeric prefix combo-squatting",High
238gmail.com,Google,"Typosquatting - Gmail is a Google service, numeric prefix combo-squatting",High
239gmail.com,Google,"Typosquatting - Gmail is a Google service, numeric prefix combo-squatting",High
242gmail.com,Google,"Typosquatting - Gmail is a Google service, numeric prefix combo-squatting",High
243gmail.com,Google,"Typosquatting - Gmail is a Google service, numeric prefix combo-squatting",High
245gmail.com,Google,"Typosquatting - Gmail is a Google service, numeric prefix combo-squatting",High
246gmail.com,Google,"Typosquatting - Gmail is a Google service, numeric prefix combo-squatting",High
247gmail.com,Google,"Typosquatting - Gmail is a Google service, numeric prefix combo-squatting",High
248gmail.com,Google,"Typosquatting - Gmail is a Google service, numeric prefix combo-squatting",High
249gmail.com,Google,"Typosquatting - Gmail is a Google service, numeric prefix combo-squatting",High
24gmail.com,Google,"Typosquatting - Gmail is a Google service, numeric prefix combo-squatting",High
252gmail.com,Google,Combo-squatting - prepending numbers to 'gmail' (Google service),High
253gmail.com,Google,Combo-squatting - prepending numbers to 'gmail' (Google service),High
254gmail.com,Google,Combo-squatting - prepending numbers to 'gmail' (Google service),High
255gmail.com,Google,Combo-squatting - prepending numbers to 'gmail' (Google service),High
256gmail.com,Google,Combo-squatting - prepending numbers to 'gmail' (Google service),High
258gmail.com,Google,Combo-squatting - prepending numbers to 'gmail' (Google service),High
259gmail.com,Google,Combo-squatting - prepending numbers to 'gmail' (Google service),High
25gmail.com,Google,Combo-squatting - prepending numbers to 'gmail' (Google service),High
262gmail.com,Google,Combo-squatting - prepending numbers to 'gmail' (Google service),High
266gmail.com,Google,Combo-squatting - prepending numbers to 'gmail' (Google service),High
268gmail.com,Google,Combo-squatting - prepending numbers to 'gmail' (Google service),High
26gmail.com,Google,Combo-squatting - prepending numbers to 'gmail' (Google service),High
273gmail.com,Google,Combo-squatting - prepending numbers to 'gmail' (Google service),High
274gmail.com,Google,Combo-squatting - prepending numbers to 'gmail' (Google service),High
275gmail.com,Google,Combo-squatting - prepending numbers to 'gmail' (Google service),High
27gmail.com,Google,Combo-squatting - prepending numbers to 'gmail' (Google service),High
282gmail.co.com,Google,Combo-squatting - prepending numbers to 'gmail' with TLD abuse (.co.com),High
288gmail.com,Google,Combo-squatting - prepending numbers to 'gmail' (Google service),High
289gmail.com,Google,Combo-squatting - prepending numbers to 'gmail' (Google service),High
28gmail.com,Google,Combo-squatting - prepending numbers to 'gmail' (Google service),High
290gmail.com,Google,Combo-squatting - prepending numbers to 'gmail' (Google service),High
292gmail.com,Google,Combo-squatting - prepending numbers to 'gmail' (Google service),High
293gmail.com,Google,Combo-squatting - prepending numbers to 'gmail' (Google service),High
295gmail.com,Google,Combo-squatting - prepending numbers to 'gmail' (Google service),High
299gmail.com,Google,Combo-squatting - prepending numbers to 'gmail' (Google service),High
29gmail.com,Google,Combo-squatting - prepending numbers to 'gmail' (Google service),High
2fwww.finance.google.com.mailfranco.com,Google,Subdomain impersonation - embedding 'finance.google.com' in subdomain to deceive users,High
300gmail.com,Google,Combo-squatting - prepending numbers to 'gmail' (Google service),High
301gmail.com,Google,Combo-squatting - prepending numbers to 'gmail' (Google service),High
302gmail.com,Google,Combo-squatting - prepending numbers to 'gmail' (Google service),High
303gmail.com,Google,Combo-squatting - prepending numbers to 'gmail' (Google service),High
304gmail.com,Google,Combo-squatting - prepending numbers to 'gmail' (Google service),High
305gmail.com,Google,Combo-squatting - prepending numbers to 'gmail' (Google service),High
307gmail.com,Google,Combo-squatting - prepending numbers to 'gmail' (Google service),High
308gmail.com,Google,Combo-squatting - prepending numbers to 'gmail' (Google service),High
309gmail.com,Google,Combo-squatting - prepending numbers to 'gmail' (Google service),High
30gmail.com,Google,Combo-squatting - prepending numbers to 'gmail' (Google service),High
310gmail.com,Google,Combo-squatting - prepending numbers to 'gmail' (Google service),High
312gmail.com,Google,Combo-squatting - prepending numbers to 'gmail' (Google service),High
314gmail.com,Google,Combo-squatting - prepending numbers to 'gmail' (Google service),High
315gmail.com,Google,Combo-squatting - prepending numbers to 'gmail' (Google service),High
318gmail.com,Google,Combo-squatting - prepending numbers to 'gmail' (Google service),High
31gmail.com,Google,Combo-squatting - prepending numbers to 'gmail' (Google service),High
321gmail.com,Google,Combo-squatting - prepending numbers to 'gmail' (Google service),High
323gmail.com,Google,Combo-squatting - prepending numbers to 'gmail' (Google service),High
324gmail.com,Google,Combo-squatting - prepending numbers to 'gmail' (Google service),High
32gmail.com,Google,Combo-squatting - prepending numbers to 'gmail' (Google service),High
330gmail.com,Google,Combo-squatting - prepending numbers to 'gmail' (Google service),High
333gmail.com,Google,Combo-squatting - prepending numbers to 'gmail' (Google service),High
334gmail.com,Google,Combo-squatting - prepending numbers to 'gmail' (Google service),High
335gmail.com,Google,Combo-squatting - prepending numbers to 'gmail' (Google service),High
336gmail.com,Google,Combo-squatting - prepending numbers to 'gmail' (Google service),High
337gmail.com,Google,Combo-squatting - prepending numbers to 'gmail' (Google service),High
338gmail.com,Google,Combo-squatting - prepending numbers to 'gmail' (Google service),High
33gmail.com,Google,Combo-squatting - prepending numbers to 'gmail' (Google service),High
341gmail.com,Google,Combo-squatting - prepending numbers to 'gmail' (Google service),High
342gmail.com,Google,Combo-squatting - prepending numbers to 'gmail' (Google service),High
343gmail.com,Google,Combo-squatting - prepending numbers to 'gmail' (Google service),High
344gmail.com,Google,Combo-squatting - prepending numbers to 'gmail' (Google service),High
345gmail.com,Google,Combo-squatting - prepending numbers to 'gmail' (Google service),High
346gmail.com,Google,Combo-squatting - prepending numbers to 'gmail' (Google service),High
347gmail.com,Google,Combo-squatting - prepending numbers to 'gmail' (Google service),High
34gmail.com,Google,Combo-squatting - prepending numbers to 'gmail' (Google service),High
350gmail.com,Google,Combo-squatting - prepending numbers to 'gmail' (Google service),High
351gmail.com,Google,Combo-squatting - prepending numbers to 'gmail' (Google service),High
353gmail.com,Google,Combo-squatting - prepending numbers to 'gmail' (Google service),High
356gmail.com,Google,Combo-squatting - prepending numbers to 'gmail' (Google service),High
35gmail.com,Google,Combo-squatting - prepending numbers to 'gmail' (Google service),High
360gmail.com,Google,Combo-squatting - prepending numbers to 'gmail' (Google service),High
362gmail.com,Google,Combo-squatting - prepending numbers to 'gmail' (Google service),High
363gmail.com,Google,Combo-squatting - prepending numbers to 'gmail' (Google service),High
364gmail.com,Google,Combo-squatting - prepending numbers to 'gmail' (Google service),High
367gmail.com,Google,Combo-squatting - prepending numbers to 'gmail' (Google service),High
369gmail.com,Google,Combo-squatting - prepending numbers to 'gmail' (Google service),High
36gmail.com,Google,Combo-squatting - prepending numbers to 'gmail' (Google service),High
372gmail.com,Google,Combo-squatting - prepending numbers to 'gmail' (Google service),High
374gmail.com,Google,Combo-squatting - prepending numbers to 'gmail' (Google service),High
377gmail.com,Google,Combo-squatting - prepending numbers to 'gmail' (Google service),High
37gmail.com,Google,Combo-squatting - prepending numbers to 'gmail' (Google service),High
380gmail.com,Google,Combo-squatting - prepending numbers to 'gmail' (Google service),High
381gmail.com,Google,Combo-squatting - prepending numbers to 'gmail' (Google service),High
383gmail.com,Google,Combo-squatting - prepending numbers to 'gmail' (Google service),High
385gmail.com,Google,Combo-squatting - prepending numbers to 'gmail' (Google service),High
386gmail.com,Google,Combo-squatting - prepending numbers to 'gmail' (Google service),High
38gmail.com,Google,Combo-squatting - prepending numbers to 'gmail' (Google service),High
390gmail.com,Google,Combo-squatting - prepending numbers to 'gmail' (Google service),High
392gmail.com,Google,Combo-squatting - prepending numbers to 'gmail' (Google service),High
394gmail.com,Google,Combo-squatting - prepending numbers to 'gmail' (Google service),High
398gmail.com,Google,Combo-squatting - prepending numbers to 'gmail' (Google service),High
39gmail.com,Google,Combo-squatting - prepending numbers to 'gmail' (Google service),High
400gmail.com,Google,Combo-squatting - prepending numbers to 'gmail' (Google service),High
401gmail.com,Google,Combo-squatting - prepending numbers to 'gmail' (Google service),High
402gmail.com,Google,Combo-squatting - prepending numbers to 'gmail' (Google service),High
405gmail.com,Google,Combo-squatting - prepending numbers to 'gmail' (Google service),High
411gmail.com,Google,Combo-squatting - prepending numbers to 'gmail' (Google service),High
413gmail.com,Google,Combo-squatting - prepending numbers to 'gmail' (Google service),High
416gmail.com,Google,Combo-squatting - prepending numbers to 'gmail' (Google service),High
417gmail.com,Google,Combo-squatting - prepending numbers to 'gmail' (Google service),High
41gmail.com,Google,Typosquatting - prepending numbers to 'gmail' (Google service),High
420gmail.com,Google,Typosquatting - prepending numbers to 'gmail' (Google service),High
423gmail.com,Google,Typosquatting - prepending numbers to 'gmail' (Google service),High
424gmail.com,Google,Typosquatting - prepending numbers to 'gmail' (Google service),High
425gmail.com,Google,Typosquatting - prepending numbers to 'gmail' (Google service),High
427gmail.com,Google,Typosquatting - prepending numbers to 'gmail' (Google service),High
428gmail.com,Google,Typosquatting - prepending numbers to 'gmail' (Google service),High
42gmail.com,Google,Typosquatting - prepending numbers to 'gmail' (Google service),High
430gmail.com,Google,Typosquatting - prepending numbers to 'gmail' (Google service),High
432gmail.com,Google,Typosquatting - prepending numbers to 'gmail' (Google service),High
435gmail.com,Google,Typosquatting - prepending numbers to 'gmail' (Google service),High
436gmail.com,Google,Typosquatting - prepending numbers to 'gmail' (Google service),High
439gmail.com,Google,Typosquatting - prepending numbers to 'gmail' (Google service),High
43gmail.com,Google,Typosquatting - prepending numbers to 'gmail' (Google service),High
440gmail.com,Google,Typosquatting - prepending numbers to 'gmail' (Google service),High
442gmail.com,Google,Typosquatting - prepending numbers to 'gmail' (Google service),High
443gmail.com,Google,Typosquatting - prepending numbers to 'gmail' (Google service),High
4444gmail.com,Google,Typosquatting - prepending numbers to 'gmail' (Google service),High
447gmail.com,Google,Typosquatting - prepending numbers to 'gmail' (Google service),High
448gmail.com,Google,Typosquatting - prepending numbers to 'gmail' (Google service),High
449gmail.com,Google,Typosquatting - prepending numbers to 'gmail' (Google service),High
44gmail.com,Google,Typosquatting - prepending numbers to 'gmail' (Google service),High
450gmail.com,Google,Typosquatting - prepending numbers to 'gmail' (Google service),High
451gmail.com,Google,Typosquatting - prepending numbers to 'gmail' (Google service),High
453gmail.com,Google,Typosquatting - prepending numbers to 'gmail' (Google service),High
455gmail.com,Google,Typosquatting - prepending numbers to 'gmail' (Google service),High
456gmail.com,Google,Typosquatting - prepending numbers to 'gmail' (Google service),High
459gmail.com,Google,Typosquatting - prepending numbers to 'gmail' (Google service),High
45gmail.com,Google,Typosquatting - prepending numbers to 'gmail' (Google service),High
460gmail.com,Google,Typosquatting - prepending numbers to 'gmail' (Google service),High
465gmail.com,Google,Typosquatting - prepending numbers to 'gmail' (Google service),High
466gmail.com,Google,Typosquatting - prepending numbers to 'gmail' (Google service),High
467gmail.com,Google,Typosquatting - prepending numbers to 'gmail' (Google service),High
46gmail.com,Google,Typosquatting - prepending numbers to 'gmail' (Google service),High
471gmail.com,Google,Typosquatting - prepending numbers to 'gmail' (Google service),High
473gmail.com,Google,Typosquatting - prepending numbers to 'gmail' (Google service),High
474gmail.com,Google,Typosquatting - prepending numbers to 'gmail' (Google service),High
475gmail.com,Google,Typosquatting - prepending numbers to 'gmail' (Google service),High
47gmail.com,Google,Typosquatting - prepending numbers to 'gmail' (Google service),High
480gmail.com,Google,Typosquatting - prepending numbers to 'gmail' (Google service),High
481gmail.com,Google,Typosquatting - prepending numbers to 'gmail' (Google service),High
486gmail.com,Google,Typosquatting - prepending numbers to 'gmail' (Google service),High
487gmail.com,Google,Typosquatting - prepending numbers to 'gmail' (Google service),High
488gmail.com,Google,Typosquatting - prepending numbers to 'gmail' (Google service),High
48gmail.com,Google,Typosquatting - prepending numbers to 'gmail' (Google service),High
490gmail.com,Google,Typosquatting - prepending numbers to 'gmail' (Google service),High
491gmail.com,Google,Typosquatting - prepending numbers to 'gmail' (Google service),High
499gmail.com,Google,Typosquatting - prepending numbers to 'gmail' (Google service),High
49gmail.com,Google,Typosquatting - prepending numbers to 'gmail' (Google service),High
4gmail.com,Google,Typosquatting - prepending numbers to 'gmail' (Google service),High
501gmail.com,Google,Typosquatting - prepending numbers to 'gmail' (Google service),High
502gmail.com,Google,Typosquatting - prepending numbers to 'gmail' (Google service),High
504gmail.com,Google,Typosquatting - prepending numbers to 'gmail' (Google service),High
505gmail.com,Google,Typosquatting - prepending numbers to 'gmail' (Google service),High
506gmail.com,Google,Typosquatting - prepending numbers to 'gmail' (Google service),High
507gmail.com,Google,Typosquatting - prepending numbers to 'gmail' (Google service),High
508gmail.com,Google,Typosquatting - prepending numbers to 'gmail' (Google service),High
50gmail.com,Google,Typosquatting - prepending numbers to 'gmail' (Google service),High
510gmail.com,Google,Typosquatting - prepending numbers to 'gmail' (Google service),High
511gmail.com,Google,Typosquatting - prepending numbers to 'gmail' (Google service),High
512gmail.com,Google,Typosquatting - prepending numbers to 'gmail' (Google service),High
514gmail.com,Google,Typosquatting - prepending numbers to 'gmail' (Google service),High
517gmail.com,Google,Typosquatting - prepending numbers to 'gmail' (Google service),High
518gmail.com,Google,Typosquatting - prepending numbers to 'gmail' (Google service),High
520gmail.com,Google,Typosquatting - prepending numbers to 'gmail' (Google service),High
521gmail.com,Google,Typosquatting - prepending numbers to 'gmail' (Google service),High
522gmail.com,Google,Typosquatting - prepending numbers to 'gmail' (Google service),High
523gmail.com,Google,Typosquatting - prepending numbers to 'gmail' (Google service),High
524gmail.com,Google,Typosquatting - prepending numbers to 'gmail' (Google service),High
525gmail.com,Google,Typosquatting - prepending numbers to 'gmail' (Google service),High
526gmail.com,Google,Typosquatting - prepending numbers to 'gmail' (Google service),High
528gmail.com,Google,Typosquatting - prepending numbers to 'gmail' (Google service),High
52gmail.com,Google,Typosquatting - prepending numbers to 'gmail' (Google service),High
535gmail.com,Google,Typosquatting - prepending numbers to 'gmail' (Google service),High
536gmail.com,Google,Typosquatting - prepending numbers to 'gmail' (Google service),High
53gmail.com,Google,Typosquatting - prepending numbers to 'gmail' (Google service),High
540gmail.com,Google,Typosquatting - prepending numbers to 'gmail' (Google service),High
541gmail.com,Google,Typosquatting - prepending numbers to 'gmail' (Google service),High
545gmail.com,Google,Typosquatting - prepending numbers to 'gmail' (Google service),High
546gmail.com,Google,Typosquatting - prepending numbers to 'gmail' (Google service),High
547gmail.com,Google,Typosquatting - prepending numbers to 'gmail' (Google service),High
549gmail.com,Google,Typosquatting - prepending numbers to 'gmail' (Google service),High
54gmail.com,Google,Typosquatting - prepending numbers to 'gmail' (Google service),High
550gmail.com,Google,Typosquatting - prepending numbers to 'gmail' (Google service),High
551gmail.com,Google,Typosquatting - prepending numbers to 'gmail' (Google service),High
553gmail.com,Google,Typosquatting - prepending numbers to 'gmail' (Google service),High
5555gmail.com,Google,Typosquatting - prepending numbers to 'gmail' (Google service),High
555gmail.com,Google,Typosquatting - prepending numbers to 'gmail' (Google service),High
556gmail.com,Google,Typosquatting - prepending numbers to 'gmail' (Google service),High
55gmail.com,Google,Typosquatting - prepending numbers to 'gmail' (Google service),High
560gmail.com,Google,Typosquatting - prepending numbers to 'gmail' (Google service),High
563gmail.com,Google,Typosquatting - prepending numbers to 'gmail' (Google service),High
565gmail.com,Google,Typosquatting - prepending numbers to 'gmail' (Google service),High
566gmail.com,Google,Typosquatting - prepending numbers to 'gmail' (Google service),High
567gmail.com,Google,Typosquatting - prepending numbers to 'gmail' (Google service),High
568gmail.com,Google,Typosquatting - prepending numbers to 'gmail' (Google service),High
569gmail.com,Google,Typosquatting - prepending numbers to 'gmail' (Google service),High
56gmail.com,Google,Typosquatting - prepending numbers to 'gmail' (Google service),High
570gmail.com,Google,Typosquatting - numeric prefix added to 'gmail' (Google service),High
573gmail.com,Google,Typosquatting - numeric prefix added to 'gmail' (Google service),High
574gmail.com,Google,Typosquatting - numeric prefix added to 'gmail' (Google service),High
575gmail.com,Google,Typosquatting - numeric prefix added to 'gmail' (Google service),High
576gmail.com,Google,Typosquatting - numeric prefix added to 'gmail' (Google service),High
577gmail.com,Google,Typosquatting - numeric prefix added to 'gmail' (Google service),High
578gmail.com,Google,Typosquatting - numeric prefix added to 'gmail' (Google service),High
57gmail.com,Google,Typosquatting - numeric prefix added to 'gmail' (Google service),High
580gmail.com,Google,Typosquatting - numeric prefix added to 'gmail' (Google service),High
581gmail.com,Google,Typosquatting - numeric prefix added to 'gmail' (Google service),High
587gmail.com,Google,Typosquatting - numeric prefix added to 'gmail' (Google service),High
588gmail.com,Google,Typosquatting - numeric prefix added to 'gmail' (Google service),High
58gmail.com,Google,Typosquatting - numeric prefix added to 'gmail' (Google service),High
590gmail.com,Google,Typosquatting - numeric prefix added to 'gmail' (Google service),High
594gmail.com,Google,Typosquatting - numeric prefix added to 'gmail' (Google service),High
595gmail.com,Google,Typosquatting - numeric prefix added to 'gmail' (Google service),High
59gmail.com,Google,Typosquatting - numeric prefix added to 'gmail' (Google service),High
5gmail.com,Google,Typosquatting - numeric prefix added to 'gmail' (Google service),High
602gmail.com,Google,Typosquatting - numeric prefix added to 'gmail' (Google service),High
605gmail.com,Google,Typosquatting - numeric prefix added to 'gmail' (Google service),High
608gmail.com,Google,Typosquatting - numeric prefix added to 'gmail' (Google service),High
60gmail.com,Google,Typosquatting - numeric prefix added to 'gmail' (Google service),High
611gmail.com,Google,Typosquatting - numeric prefix added to 'gmail' (Google service),High
613gmail.com,Google,Typosquatting - numeric prefix added to 'gmail' (Google service),High
619gmail.com,Google,Typosquatting - numeric prefix added to 'gmail' (Google service),High
61gmail.com,Google,Typosquatting - numeric prefix added to 'gmail' (Google service),High
620gmail.com,Google,Typosquatting - numeric prefix added to 'gmail' (Google service),High
622gmail.com,Google,Typosquatting - numeric prefix added to 'gmail' (Google service),High
623gmail.com,Google,Typosquatting - numeric prefix added to 'gmail' (Google service),High
624gmail.com,Google,Typosquatting - numeric prefix added to 'gmail' (Google service),High
625gmail.com,Google,Typosquatting - numeric prefix added to 'gmail' (Google service),High
626gmail.com,Google,Typosquatting - numeric prefix added to 'gmail' (Google service),High
627gmail.com,Google,Typosquatting - numeric prefix added to 'gmail' (Google service),High
628gmail.com,Google,Typosquatting - numeric prefix added to 'gmail' (Google service),High
62gmail.com,Google,Typosquatting - numeric prefix added to 'gmail' (Google service),High
631gmail.com,Google,Typosquatting - numeric prefix added to 'gmail' (Google service),High
634gmail.com,Google,Typosquatting - numeric prefix added to 'gmail' (Google service),High
638gmail.com,Google,Typosquatting - numeric prefix added to 'gmail' (Google service),High
639gmail.com,Google,Typosquatting - numeric prefix added to 'gmail' (Google service),High
63gmail.co.com,Google,Typosquatting - numeric prefix added to 'gmail' with suspicious TLD,High
63gmail.com,Google,Typosquatting - numeric prefix added to 'gmail' (Google service),High
640gmail.com,Google,Typosquatting - numeric prefix added to 'gmail' (Google service),High
641gmail.com,Google,Typosquatting - numeric prefix added to 'gmail' (Google service),High
644gmail.com,Google,Typosquatting - numeric prefix added to 'gmail' (Google service),High
645gmail.com,Google,Typosquatting - numeric prefix added to 'gmail' (Google service),High
646gmail.com,Google,Typosquatting - numeric prefix added to 'gmail' (Google service),High
648gmail.com,Google,Typosquatting - numeric prefix added to 'gmail' (Google service),High
649gmail.com,Google,Typosquatting - numeric prefix added to 'gmail' (Google service),High
64gmail.com,Google,Typosquatting - numeric prefix added to 'gmail' (Google service),High
651gmail.com,Google,Typosquatting - numeric prefix added to 'gmail' (Google service),High
652gmail.com,Google,Typosquatting - numeric prefix added to 'gmail' (Google service),High
654gmail.com,Google,Typosquatting - numeric prefix added to 'gmail' (Google service),High
655gmail.com,Google,Typosquatting - numeric prefix added to 'gmail' (Google service),High
656gmail.com,Google,Typosquatting - numeric prefix added to 'gmail' (Google service),High
657gmail.com,Google,Typosquatting - numeric prefix added to 'gmail' (Google service),High
65gmail.com,Google,Typosquatting - numeric prefix added to 'gmail' (Google service),High
663gmail.com,Google,Typosquatting - numeric prefix added to 'gmail' (Google service),High
665gmail.com,Google,Typosquatting - numeric prefix added to 'gmail' (Google service),High
6666gmail.com,Google,Typosquatting - numeric prefix added to 'gmail' (Google service),High
666gmail.com,Google,Typosquatting - numeric prefix added to 'gmail' (Google service),High
667gmail.com,Google,Typosquatting - numeric prefix added to 'gmail' (Google service),High
668gmail.com,Google,Typosquatting - numeric prefix added to 'gmail' (Google service),High
671gmail.com,Google,Typosquatting - numeric prefix added to 'gmail' (Google service),High
672gmail.com,Google,Typosquatting - numeric prefix added to 'gmail' (Google service),High
673gmail.com,Google,Typosquatting - numeric prefix added to 'gmail' (Google service),High
675gmail.com,Google,Typosquatting - numeric prefix added to 'gmail' (Google service),High
676gmail.com,Google,Typosquatting - numeric prefix added to 'gmail' (Google service),High
678gmail.com,Google,Typosquatting - numeric prefix added to 'gmail' (Google service),High
67gmail.com,Google,Typosquatting - numeric prefix added to 'gmail' (Google service),High
683gmail.com,Google,Typosquatting - numeric prefix added to 'gmail' (Google service),High
684gmail.com,Google,Typosquatting - numeric prefix added to 'gmail' (Google service),High
687gmail.com,Google,Typosquatting - numeric prefix added to 'gmail' (Google service),High
689gmail.com,Google,Typosquatting - numeric prefix added to 'gmail' (Google service),High
68gmail.com,Google,Typosquatting - numeric prefix added to 'gmail' (Google service),High
693gmail.com,Google,Typosquatting - numeric prefix added to 'gmail' (Google service),High
694gmail.com,Google,Typosquatting - numeric prefix added to 'gmail' (Google service),High
6969gmail.com,Google,Typosquatting - numeric prefix added to 'gmail' (Google service),High
697gmail.com,Google,Typosquatting - numeric prefix added to 'gmail' (Google service),High
698gmail.com,Google,Typosquatting - numeric prefix added to 'gmail' (Google service),High
699gmail.com,Google,Typosquatting - numeric prefix added to 'gmail' (Google service),High
69gmail.com,Google,Typosquatting - numeric prefix added to 'gmail' (Google service),High
6gmail.co.com,Google,Typosquatting - numeric prefix added to 'gmail' with suspicious TLD,High
7.1.gmail.com.gmail.com.5.01.cad.edu.gr,Google,Subdomain impersonation - 'gmail.com' appears multiple times in subdomain structure,High
700gmail.com,Google,Typosquatting - numeric prefix added to 'gmail' (Google service),High
701gmail.com,Google,Typosquatting - numeric prefix added to 'gmail' (Google service),High
702gmail.com,Google,Typosquatting - numeric prefix added to 'gmail' (Google service),High
706gmail.com,Google,Typosquatting - numeric prefix added to 'gmail' (Google service),High
707gmail.com,Google,Typosquatting - numeric prefix added to 'gmail' (Google service),High
708gmail.com,Google,Typosquatting - numeric prefix added to 'gmail' (Google service),High
709gmail.com,Google,Typosquatting - numeric prefix added to 'gmail' (Google service),High
70gmail.com,Google,Typosquatting - numeric prefix added to 'gmail' (Google service),High
710gmail.com,Google,Typosquatting - numeric prefix added to 'gmail' (Google service),High
713gmail.com,Google,Typosquatting - numeric prefix added to 'gmail' (Google service),High
715gmail.com,Google,Typosquatting - numeric prefix added to 'gmail' (Google service),High
716gmail.com,Google,Typosquatting - numeric prefix added to 'gmail' (Google service),High
718gmail.com,Google,Typosquatting - numeric prefix added to 'gmail' (Google service),High
719gmail.com,Google,Typosquatting - numeric prefix added to 'gmail' (Google service),High
71gmail.com,Google,Typosquatting - numeric prefix added to 'gmail' (Google service),High
720gmail.com,Google,Typosquatting - numeric prefix added to 'gmail' (Google service),High
721gmail.com,Google,Typosquatting - numeric prefix added to 'gmail' (Google service),High
72229rohrdorf.gmail.deail.com,Google,Typosquatting - misspelling of 'gmail.com' as 'gmail.deail.com' (detail typo),High
723gmail.com,Google,Combo-squatting - numeric prefix added to 'gmail.com',High
727gmail.com,Google,Combo-squatting - numeric prefix added to 'gmail.com',High
728gmail.com,Google,Combo-squatting - numeric prefix added to 'gmail.com',High
72gmail.com,Google,Combo-squatting - numeric prefix added to 'gmail.com',High
730gmail.com,Google,Combo-squatting - numeric prefix added to 'gmail.com',High
733gmail.com,Google,Combo-squatting - numeric prefix added to 'gmail.com',High
735gmail.com,Google,Combo-squatting - numeric prefix added to 'gmail.com',High
738gmail.com,Google,Combo-squatting - numeric prefix added to 'gmail.com',High
739gmail.com,Google,Combo-squatting - numeric prefix added to 'gmail.com',High
73gmail.com,Google,Combo-squatting - numeric prefix added to 'gmail.com',High
743gmail.com,Google,Combo-squatting - numeric prefix added to 'gmail.com',High
745gmail.com,Google,Combo-squatting - numeric prefix added to 'gmail.com',High
747gmail.com,Google,Combo-squatting - numeric prefix added to 'gmail.com',High
74gmail.com,Google,Combo-squatting - numeric prefix added to 'gmail.com',High
756gmail.com,Google,Combo-squatting - numeric prefix added to 'gmail.com',High
758gmail.com,Google,Combo-squatting - numeric prefix added to 'gmail.com',High
75gmail.com,Google,Combo-squatting - numeric prefix added to 'gmail.com',High
760gmail.com,Google,Combo-squatting - numeric prefix added to 'gmail.com',High
76271gmail.com,Google,Combo-squatting - numeric prefix added to 'gmail.com',High
765gmail.com,Google,Combo-squatting - numeric prefix added to 'gmail.com',High
766gmail.com,Google,Combo-squatting - numeric prefix added to 'gmail.com',High
767gmail.com,Google,Combo-squatting - numeric prefix added to 'gmail.com',High
768gmail.com,Google,Combo-squatting - numeric prefix added to 'gmail.com',High
76gmail.com,Google,Combo-squatting - numeric prefix added to 'gmail.com',High
770gmail.com,Google,Combo-squatting - numeric prefix added to 'gmail.com',High
776gmail.com,Google,Combo-squatting - numeric prefix added to 'gmail.com',High
777gmail.com,Google,Combo-squatting - numeric prefix added to 'gmail.com',High
779gmail.com,Google,Combo-squatting - numeric prefix added to 'gmail.com',High
782gmail.com,Google,Combo-squatting - numeric prefix added to 'gmail.com',High
783gmail.com,Google,Combo-squatting - numeric prefix added to 'gmail.com',High
784gmail.com,Google,Combo-squatting - numeric prefix added to 'gmail.com',High
785gmail.com,Google,Combo-squatting - numeric prefix added to 'gmail.com',High
786gmail.com,Google,Combo-squatting - numeric prefix added to 'gmail.com',High
7878gmail.com,Google,Combo-squatting - numeric prefix added to 'gmail.com',High
787gmail.com,Google,Combo-squatting - numeric prefix added to 'gmail.com',High
789gmail.com,Google,Combo-squatting - numeric prefix added to 'gmail.com',High
78gmail.com,Google,Combo-squatting - numeric prefix added to 'gmail.com',High
790gmail.com,Google,Combo-squatting - numeric prefix added to 'gmail.com',High
794gmail.com,Google,Combo-squatting - numeric prefix added to 'gmail.com',High
798gmail.com,Google,Combo-squatting - numeric prefix added to 'gmail.com',High
799gmail.com,Google,Combo-squatting - numeric prefix added to 'gmail.com',High
79gmail.com,Google,Combo-squatting - numeric prefix added to 'gmail.com',High
7gmail.com,Google,Combo-squatting - numeric prefix added to 'gmail.com',High
800gmail.com,Google,Combo-squatting - numeric prefix added to 'gmail.com',High
803gmail.com,Google,Combo-squatting - numeric prefix added to 'gmail.com',High
806gmail.com,Google,Combo-squatting - numeric prefix added to 'gmail.com',High
807gmail.com,Google,Combo-squatting - numeric prefix added to 'gmail.com',High
808gmail.com,Google,Combo-squatting - numeric prefix added to 'gmail.com',High
809gmail.com,Google,Combo-squatting - numeric prefix added to 'gmail.com',High
80gmail.com,Google,Combo-squatting - numeric prefix added to 'gmail.com',High
810gmail.com,Google,Combo-squatting - numeric prefix added to 'gmail.com',High
811gmail.com,Google,Combo-squatting - numeric prefix added to 'gmail.com',High
817gmail.com,Google,Combo-squatting - numeric prefix added to 'gmail.com',High
818gmail.com,Google,Combo-squatting - numeric prefix added to 'gmail.com',High
819gmail.com,Google,Combo-squatting - numeric prefix added to 'gmail.com',High
81gmail.com,Google,Combo-squatting - numeric prefix added to 'gmail.com',High
820gmail.com,Google,Combo-squatting - numeric prefix added to 'gmail.com',High
821gmail.com,Google,Combo-squatting - numeric prefix added to 'gmail.com',High
823gmail.com,Google,Combo-squatting - numeric prefix added to 'gmail.com',High
825gmail.com,Google,Combo-squatting - numeric prefix added to 'gmail.com',High
827gmail.com,Google,Combo-squatting - numeric prefix added to 'gmail.com',High
830gmail.com,Google,Combo-squatting - numeric prefix added to 'gmail.com',High
833gmail.com,Google,Combo-squatting - numeric prefix added to 'gmail.com',High
834gmail.com,Google,Combo-squatting - numeric prefix added to 'gmail.com',High
835gmail.com,Google,Combo-squatting - numeric prefix added to 'gmail.com',High
839gmail.com,Google,Combo-squatting - numeric prefix added to 'gmail.com',High
83gmail.com,Google,Combo-squatting - numeric prefix added to 'gmail.com',High
840gmail.com,Google,Combo-squatting - numeric prefix added to 'gmail.com',High
841gmail.com,Google,Combo-squatting - numeric prefix added to 'gmail.com',High
842gmail.com,Google,Combo-squatting - numeric prefix added to 'gmail.com',High
845gmail.com,Google,Combo-squatting - numeric prefix added to 'gmail.com',High
847gmail.com,Google,Combo-squatting - numeric prefix added to 'gmail.com',High
848gmail.com,Google,Combo-squatting - numeric prefix added to 'gmail.com',High
849gmail.com,Google,Combo-squatting - numeric prefix added to 'gmail.com',High
84gmail.com,Google,Combo-squatting - numeric prefix added to 'gmail.com',High
850gmail.com,Google,Combo-squatting - numeric prefix added to 'gmail.com',High
852gmail.com,Google,Combo-squatting - numeric prefix added to 'gmail.com',High
853gmail.com,Google,Combo-squatting - numeric prefix added to 'gmail.com',High
854gmail.com,Google,Combo-squatting - numeric prefix added to 'gmail.com',High
855gmail.com,Google,Combo-squatting - numeric prefix added to 'gmail.com',High
857gmail.com,Google,Combo-squatting - numeric prefix added to 'gmail.com',High
858gmail.com,Google,Combo-squatting - numeric prefix added to 'gmail.com',High
859gmail.com,Google,Combo-squatting - numeric prefix added to 'gmail.com',High
85gmail.com,Google,Combo-squatting - numeric prefix added to 'gmail.com',High
860gmail.com,Google,Combo-squatting - numeric prefix added to 'gmail.com',High
86gmail.com,Google,Combo-squatting - numeric prefix added to 'gmail.com',High
871gmail.com,Google,Combo-squatting - numeric prefix added to 'gmail.com',High
873gmail.com,Google,Combo-squatting - numeric prefix added to 'gmail.com',High
874gmail.com,Google,Combo-squatting - numeric prefix added to 'gmail.com',High
876gmail.com,Google,Combo-squatting - numeric prefix added to 'gmail.com',High
87gmail.com,Google,Combo-squatting - numeric prefix added to 'gmail.com',High
880gmail.com,Google,Combo-squatting - numeric prefix added to 'gmail.com',High
881gmail.com,Google,Combo-squatting - numeric prefix added to 'gmail.com',High
885gmail.com,Google,Combo-squatting - numeric prefix added to 'gmail.com',High
887gmail.com,Google,Combo-squatting - numeric prefix added to 'gmail.com',High
8888gmail.com,Google,Combo-squatting - numeric prefix added to 'gmail.com',High
888gmail.com,Google,Combo-squatting - numeric prefix added to 'gmail.com',High
890gmail.com,Google,Combo-squatting - numeric prefix added to 'gmail.com',High
891gmail.com,Google,Combo-squatting - numeric prefix added to 'gmail.com',High
892gmail.com,Google,Typosquatting - numeric prefix added to 'gmail',High
893gmail.com,Google,Typosquatting - numeric prefix added to 'gmail',High
894gmail.com,Google,Typosquatting - numeric prefix added to 'gmail',High
899gmail.com,Google,Typosquatting - numeric prefix added to 'gmail',High
89gmail.com,Google,Typosquatting - numeric prefix added to 'gmail',High
901gmail.com,Google,Typosquatting - numeric prefix added to 'gmail',High
902gmail.com,Google,Typosquatting - numeric prefix added to 'gmail',High
903gmail.com,Google,Typosquatting - numeric prefix added to 'gmail',High
905gmail.com,Google,Typosquatting - numeric prefix added to 'gmail',High
906gmail.com,Google,Typosquatting - numeric prefix added to 'gmail',High
908gmail.com,Google,Typosquatting - numeric prefix added to 'gmail',High
909gmail.com,Google,Typosquatting - numeric prefix added to 'gmail',High
90gmail.com,Google,Typosquatting - numeric prefix added to 'gmail',High
911gmail.com,Google,Typosquatting - numeric prefix added to 'gmail',High
913gmail.com,Google,Typosquatting - numeric prefix added to 'gmail',High
916gmail.com,Google,Typosquatting - numeric prefix added to 'gmail',High
91gmail.com,Google,Typosquatting - numeric prefix added to 'gmail',High
920gmail.com,Google,Typosquatting - numeric prefix added to 'gmail',High
922gmail.com,Google,Typosquatting - numeric prefix added to 'gmail',High
925gmail.com,Google,Typosquatting - numeric prefix added to 'gmail',High
928gmail.com,Google,Typosquatting - numeric prefix added to 'gmail',High
930gmail.com,Google,Typosquatting - numeric prefix added to 'gmail',High
935gmail.com,Google,Typosquatting - numeric prefix added to 'gmail',High
936gmail.com,Google,Typosquatting - numeric prefix added to 'gmail',High
937gmail.com,Google,Typosquatting - numeric prefix added to 'gmail',High
939gmail.com,Google,Typosquatting - numeric prefix added to 'gmail',High
93gmail.com,Google,Typosquatting - numeric prefix added to 'gmail',High
942gmail.com,Google,Typosquatting - numeric prefix added to 'gmail',High
943gmail.com,Google,Typosquatting - numeric prefix added to 'gmail',High
944gmail.com,Google,Typosquatting - numeric prefix added to 'gmail',High
945gmail.com,Google,Typosquatting - numeric prefix added to 'gmail',High
94gmail.com,Google,Typosquatting - numeric prefix added to 'gmail',High
950gmail.com,Google,Typosquatting - numeric prefix added to 'gmail',High
951gmail.com,Google,Typosquatting - numeric prefix added to 'gmail',High
957gmail.com,Google,Typosquatting - numeric prefix added to 'gmail',High
958gmail.com,Google,Typosquatting - numeric prefix added to 'gmail',High
959gmail.com,Google,Typosquatting - numeric prefix added to 'gmail',High
95gmail.com,Google,Typosquatting - numeric prefix added to 'gmail',High
963gmail.com,Google,Typosquatting - numeric prefix added to 'gmail',High
96gmail.com,Google,Typosquatting - numeric prefix added to 'gmail',High
970gmail.com,Google,Typosquatting - numeric prefix added to 'gmail',High
971gmail.com,Google,Typosquatting - numeric prefix added to 'gmail',High
973gmail.com,Google,Typosquatting - numeric prefix added to 'gmail',High
974gmail.com,Google,Typosquatting - numeric prefix added to 'gmail',High
975gmail.com,Google,Typosquatting - numeric prefix added to 'gmail',High
977gmail.com,Google,Typosquatting - numeric prefix added to 'gmail',High
97gmail.com,Google,Typosquatting - numeric prefix added to 'gmail',High
980gmail.com,Google,Typosquatting - numeric prefix added to 'gmail',High
985gmail.com,Google,Typosquatting - numeric prefix added to 'gmail',High
986gmail.com,Google,Typosquatting - numeric prefix added to 'gmail',High
987gmail.com,Google,Typosquatting - numeric prefix added to 'gmail',High
988gmail.com,Google,Typosquatting - numeric prefix added to 'gmail',High
989gmail.com,Google,Typosquatting - numeric prefix added to 'gmail',High
98gmail.com,Google,Typosquatting - numeric prefix added to 'gmail',High
991gmail.com,Google,Typosquatting - numeric prefix added to 'gmail',High
994gmail.com,Google,Typosquatting - numeric prefix added to 'gmail',High
996gmail.com,Google,Typosquatting - numeric prefix added to 'gmail',High
a.k.3.gmail.ksd9.jm79.6.gmail.meleni.xyz,Google,Subdomain impersonation using 'gmail' multiple times,High
a.z.1.gmail.i.0.83.y.9.aiot.ptcu.dev,Google,Subdomain impersonation using 'gmail',High
aatgmail.com,Google,Typosquatting - character insertion before 'gmail',High
abc.zoomingabout.com,Zoom,Combo-squatting with 'zoom' in domain name,Medium
ac-shopify.top,Shopify,Combo-squatting with 'shopify' and suspicious TLD,High
account.meta.com,Meta,Subdomain impersonation - appears to be legitimate Meta domain,Low
accountstripe.com,Stripe,Combo-squatting with 'account' keyword and 'stripe',High
accsstripe.com,Stripe,Combo-squatting with 'accs' (accounts) and 'stripe',High
achergmail.ru,Google,Typosquatting - character insertion before 'gmail',High
adminzoom.com,Zoom,Combo-squatting with 'admin' keyword and 'zoom',High
adobe-masters.ru,Adobe,Combo-squatting with 'adobe' and suspicious TLD,High
adobe.digiwav.store,Adobe,Subdomain impersonation using 'adobe',High
adobeccepdm.com,Adobe,Typosquatting - 'adobe' with additional characters,High
adobee.space,Adobe,Typosquatting - extra 'e' added to 'adobe',High
adobesignaturemoments.com,Adobe,Combo-squatting with 'adobe' and 'signature' keyword,High
adsbygoogle.js,Google,Impersonation - mimics Google Ads service name,High
adultfacebookinfo.info,Facebook,Combo-squatting with 'facebook',High
afriend.gmail.com.gmail.com.m.oazis.site,Google,Subdomain impersonation using 'gmail.com' multiple times,High
agagmail.com,Google,Typosquatting - character insertion before 'gmail',High
agmail.com,Google,Typosquatting - missing 'g' from 'gmail',High
agmail.store,Google,Typosquatting - missing 'g' from 'gmail',High
airbnbexperts.net,Airbnb,Combo-squatting with 'airbnb',High
aiwritingmeta.com,Meta,Combo-squatting with 'meta',High
ajgmail.com,Google,Typosquatting - character insertion before 'gmail',High
akapple.com,Apple,Typosquatting - character insertion before 'apple',High
akunzoom.com,Zoom,Combo-squatting with 'zoom',High
albigmail.com,Google,Typosquatting - character insertion before 'gmail',High
algmail.com,Google,Typosquatting - character insertion before 'gmail',High
allegmail.ru,Google,Typosquatting - character insertion before 'gmail',High
amazon-aws-us.com,Amazon,Combo-squatting with AWS service keyword,High
amazon-aws.org,Amazon,"Combo-squatting with AWS service keyword, suspicious TLD",High
amazon-black-friday99.ru,Amazon,"Combo-squatting with promotional keyword, suspicious .ru TLD",High
amazon-blackfriday.host,Amazon,Combo-squatting with promotional keyword,High
amazon-center.shop,Amazon,"Combo-squatting with center keyword, suspicious .shop TLD",High
amazon-travel.info,Amazon,Combo-squatting with travel keyword,High
amazon.coms.hk,Amazon,Typosquatting with .coms subdomain structure,High
amazonbitcoin.net,Amazon,Combo-squatting with cryptocurrency keyword,High
amazondevicesupports.xyz,Amazon,"Combo-squatting with support keyword, suspicious .xyz TLD",High
amazong.online,Amazon,"Typosquatting (extra 'g'), suspicious .online TLD",High
amazonianseller.com,Amazon,Combo-squatting targeting Amazon sellers,High
amazonjobs.aleeas.com,Amazon,Combo-squatting with jobs keyword on suspicious subdomain,High
amazonomat.com,Amazon,Typosquatting variation of Amazon,Medium
amazonsellers.legal,Amazon,Combo-squatting targeting Amazon sellers,High
amazonses.com,Amazon,Impersonation of Amazon SES (Simple Email Service),High
amazonshop.fun,Amazon,"Combo-squatting with shop keyword, suspicious .fun TLD",High
amazonshopbuy.com,Amazon,Combo-squatting with shopping keywords,High
amazonshopcash.com,Amazon,Combo-squatting with shopping/payment keywords,High
amazonshopsite.com,Amazon,Combo-squatting with shopping keywords,High
amazonshopsource.com,Amazon,Combo-squatting with shopping keywords,High
amazonshopzen.com,Amazon,Combo-squatting with shopping keywords,High
api.google.gmail.com.apotekberjalan.com.solaravenue.org,Google,Subdomain impersonation of Google Gmail API,High
apple-account.app,Apple,"Combo-squatting with account keyword, suspicious .app TLD usage",High
apple-rs.ru,Apple,Combo-squatting with suspicious .ru TLD,High
apple-web.tk,Apple,Combo-squatting with suspicious .tk TLD (known for abuse),High
apple.aleeas.com,Apple,Subdomain impersonation on suspicious domain,High
apple.dnsabr.com,Apple,Subdomain impersonation on suspicious domain,High
apple.servemp3.com,Apple,Subdomain impersonation on suspicious domain,High
appleaccount.app,Apple,Combo-squatting with account keyword,High
appledev.online,Apple,"Combo-squatting with developer keyword, suspicious .online TLD",High
applegift.xyz,Apple,"Combo-squatting with gift keyword, suspicious .xyz TLD",High
appleid.apple.com,Apple,Legitimate Apple domain - FALSE POSITIVE (excluded),N/A
applerewards.live,Apple,"Combo-squatting with rewards keyword, suspicious .live TLD",High
appleservices.online,Apple,"Combo-squatting with services keyword, suspicious .online TLD",High
axiemeta.fun,Meta,Typosquatting 'Axie' + 'meta' targeting Meta brand with suspicious TLD,Medium
ayudafacebook.com,Facebook,"Combo-squatting with 'ayuda' (Spanish for 'help') + 'facebook', likely phishing support scam",High
azure.cloudns.asia,Microsoft,Azure brand impersonation with suspicious subdomain structure,High
azureabyssazure.site,Microsoft,Azure brand repetition with suspicious TLD (.site),High
azureabyssazure.space,Microsoft,Azure brand repetition with suspicious TLD (.space),High
azureabyssazure.store,Microsoft,Azure brand repetition with suspicious TLD (.store),High
azurebfh.me,Microsoft,Azure brand with random characters and suspicious TLD,High
azuregiare.com,Microsoft,Azure brand combo-squatting,Medium
azurelend.com,Microsoft,Azure brand combo-squatting with 'lend' keyword,Medium
azures.live,Microsoft,Azure brand with suspicious TLD (.live) mimicking Microsoft services,High
balor.apple.com,Apple,"Subdomain on apple.com - if legitimate Apple domain, no issue; if typo in list, potential concern",Low
billgatescoin.site,Microsoft,Impersonation using Bill Gates (Microsoft founder) for crypto scam,High
billgatescoins.site,Microsoft,Impersonation using Bill Gates (Microsoft founder) for crypto scam,High
binance-crypto-currency-exchanges.trade,Binance,Binance brand combo-squatting with hyphens and suspicious TLD,High
binance-crypto-currencyexchanges.trade,Binance,Binance brand combo-squatting with hyphens and suspicious TLD,High
binance-cryptocurren-cyexchanges.trade,Binance,Binance brand combo-squatting with hyphens and suspicious TLD,High
binance-cryptocurrencyexchanges.trade,Binance,Binance brand combo-squatting with hyphens and suspicious TLD,High
binancebbt.net,Binance,Binance brand combo-squatting with additional characters,High
binancecryptocurrencyexchanges.trade,Binance,Binance brand combo-squatting with suspicious TLD,High
binanceglobalpoolspro.cloud,Binance,Binance brand combo-squatting with 'global pools pro' keywords,High
binancepools.cloud,Binance,Binance brand combo-squatting with 'pools' keyword,High
blackgate.tk,Coinbase,Possible reference to crypto 'gate' exchanges with abusive TLD (.tk),Low
bleubers.com,Uber,Typosquatting 'Uber' with 'bleubers' (phonetic similarity),Medium
bo-shopify.com,Shopify,Combo-squatting with prefix abbreviation,High
books.google.hu.smtp.gdofui.xyz,Google,Subdomain impersonation mimicking Google Books service,High
books.google.hu.smtp.xhouse.xyz,Google,Subdomain impersonation mimicking Google Books service,High
bounces.amazon.com,Amazon,Exact match - likely legitimate Amazon domain,Low
buy-steroids-paypal.com,PayPal,Combo-squatting associating PayPal with illegal products,High
buy-steroids-paypal.net,PayPal,Combo-squatting associating PayPal with illegal products,High
buycheapfacebooklikes.net,Facebook,Combo-squatting offering Facebook services,High
buyfacebooklikeslive.com,Facebook,Combo-squatting offering Facebook services,High
calendar-server.bounces.google.com,Google,Subdomain impersonation - likely legitimate Google infrastructure,Low
cc-shopify.com,Shopify,Combo-squatting with prefix abbreviation,High
chasefreedomactivate.com,Chase,Combo-squatting mimicking Chase Freedom card activation,High
cheapfacebooklikes.net,Facebook,Combo-squatting offering Facebook services,High
cirocco.apple.com,Apple,Subdomain - likely legitimate Apple domain,Low
citi.articles.vip,Citi,Subdomain impersonation using Citi brand with suspicious TLD,High
citibanquesi.space,Citi,Typosquatting/combo-squatting of Citibank,High
citippgad.gq,Citi,Typosquatting with character manipulation ('citippgad' vs 'citi') using free TLD .gq,High
citippgad.ml,Citi,Typosquatting with character manipulation ('citippgad' vs 'citi') using free TLD .ml,High
citippgad.tk,Citi,Typosquatting with character manipulation ('citippgad' vs 'citi') using free TLD .tk - known for abuse,High
clnd49org.appleid.com,Apple,Subdomain impersonation of Apple ID login portal,High
cloud.apple.com,Apple,Legitimate Apple domain - iCloud service subdomain,N/A - Legitimate
cnazure.com,Microsoft,Combo-squatting targeting Microsoft Azure with 'cn' prefix (possibly China-focused phishing),Medium
code-gmail.com,Google,"Combo-squatting with 'code-' prefix targeting Gmail, likely phishing for verification codes",High
cogmail.store,Google,Typosquatting on Gmail ('cogmail' vs 'gmail'),High
coincheckup.net,Coinbase,Combo-squatting with 'coincheck' potentially targeting Coinbase users,Medium
com.ya.ru.gmail.com.collegeofpublicspeaking.com,Google,Domain impersonation embedding 'gmail.com' in subdomain structure for phishing,High
congcufacebook.com,Facebook,Combo-squatting with 'facebook' embedded in domain name,High
cryptogmail.com,Gmail (Google),Combo-squatting combining 'crypto' with 'gmail',High
cschwabllc.com,Chase,"Potential typosquat of 'schwab' (financial institution), though not exact target match",Low
ctvfacebook.site,Facebook,Combo-squatting with 'facebook' and suspicious .site TLD,High
cvzzoom.com,Zoom,Typosquat of 'zoom' with character substitution (cvz),Medium
dailymicrosoft.com,Microsoft,Combo-squatting with 'microsoft' brand name,High
dayzoomeet.biz.id,Zoom,Combo-squatting combining 'zoom' with 'meet' and suspicious TLD,High
dd-shopify.top,Shopify,Combo-squatting with 'shopify' and suspicious .top TLD,High
dashmeta.store,Meta,Combo-squatting with 'meta' brand name,Medium
delawaredropbox.com,Dropbox,Combo-squatting with 'dropbox' brand name,High
deletegmail.com,Gmail (Google),Combo-squatting with 'gmail' and action keyword 'delete',High
densdroid-gmail.online,Google,Combo-squatting with 'gmail' and suspicious TLD,High
dermagmail.ru,Google,Combo-squatting with 'gmail',High
devnull.facebook.com,Facebook,Legitimate Facebook subdomain,Low
dextroamphetgmail.ru,Google,Combo-squatting with 'gmail',High
diffusibgmail.ru,Google,Combo-squatting with 'gmail',High
digmail.online,Google,Typosquatting 'gmail' (dig vs gm),Medium
digmail.space,Google,Typosquatting 'gmail' (dig vs gm),Medium
digmail.store,Google,Typosquatting 'gmail' (dig vs gm),Medium
discn-prod.apple.com,Apple,Legitimate Apple subdomain,Low
discountappledeals.com,Apple,Combo-squatting with 'apple' and discount keyword,High
doanhnhanfacebook.com,Facebook,Combo-squatting with 'facebook',High
doclist.bounces.google.com,Google,Legitimate Google subdomain,Low
docs.google.com,Google,Legitimate Google subdomain,Low
dr-apple-shop.ru,Apple,Combo-squatting with 'apple' and shop keyword,High
drgmail.fr,Google,Combo-squatting with 'gmail',High
dsfgdsgmail.com,Google,Combo-squatting with 'gmail',High
dsfgdsgmail.net,Google,Combo-squatting with 'gmail',High
dugmail.com,Google,Typosquatting 'gmail' (dug vs gm),Medium
dugmail.store,Google,Typosquatting 'gmail' (dug vs gm),Medium
dyeingmail.online,Google,Combo-squatting with 'gmail',High
dyson.apple.com,Apple,Legitimate Apple subdomain,Low
e-mail-amazon.cf,Amazon,Combo-squatting with 'amazon' and suspicious TLD,High
e-n-facebook-com.cf,Facebook,Typosquatting 'facebook.com' with suspicious TLD,High
e-n-facebook-com.gq,Facebook,Typosquatting 'facebook.com' with suspicious TLD,High
e.appleid.com,Apple,Legitimate Apple subdomain,Low
edelweisstokio.iigmail.com,Google,Combo-squatting with 'gmail',High
edugmail.online,Google,Combo-squatting with 'gmail',High
edugmail.site,Google,Combo-squatting with 'gmail',High
eggmail.online,Google,Typosquatting 'gmail' (egg vs gm),Medium
eggmail.store,Google,Typosquatting 'gmail' (egg vs gm),Medium
egmail.com,Google,Typosquatting 'gmail' (eg vs gm),High
eiappleshoes.com,Apple,Combo-squatting with 'apple',High
embryogmail.ru,Google,Combo-squatting with 'gmail',High
enpaypal.com,PayPal,Combo-squatting with 'paypal',High
epexegmail.com,Google,Combo-squatting with 'gmail',High
epitubermail.com,Google,Combo-squatting with 'gmail' (tubermail variant),Medium
facebgmail.shop,Facebook,Combo-squatting with 'faceb' (Facebook typo) and gmail,High
facebook-adult.com,Facebook,Combo-squatting with 'facebook',High
facebook-egy.com,Facebook,Combo-squatting with 'facebook',High
facebook-email.cf,Facebook,Combo-squatting with 'facebook' and suspicious TLD,High
facebook-email.ga,Facebook,Combo-squatting with 'facebook' and suspicious TLD,High
facebook-email.ml,Facebook,Combo-squatting with 'facebook' and suspicious TLD,High
facebook-net.gq,Facebook,Combo-squatting with 'facebook' and suspicious TLD,High
facebook-net.ml,Facebook,Combo-squatting with 'facebook' and suspicious TLD,High
facebook199.xyz,Facebook,Combo-squatting with 'facebook',High
facebookblackhat.com,Facebook,Combo-squatting with 'blackhat' keyword,High
facebookcom.ru,Facebook,Typosquatting mimicking 'facebook.com' with suspicious .ru TLD,High
facebooklol.ga,Facebook,Combo-squatting with suspicious .ga TLD (commonly abused),High
facebookmail.com,Facebook,Combo-squatting with 'mail' keyword,High
facebookmail.gq,Facebook,Combo-squatting with 'mail' keyword and suspicious .gq TLD,High
facebookmail.ml,Facebook,Combo-squatting with 'mail' keyword and suspicious .ml TLD,High
facebookmail.usa.cc,Facebook,Combo-squatting with 'mail' keyword and suspicious TLD,High
facebooktoto.org,Facebook,Combo-squatting with additional keyword,High
facebooky.shop,Facebook,Typosquatting with character addition,High
fastmeta.edu.pl,Meta,Combo-squatting with 'fast' prefix,Medium
fckgoogle.pl,Google,Typosquatting/brand abuse,High
fcugmail.space,Google,Typosquatting on 'gmail' with character substitution,High
fdeservices.comzrqoxkmlkrbxjjgmail.com.outlook.com.0.0.mail.mujur.id,Google/Microsoft,Complex domain containing both 'gmail.com' and 'outlook.com' for phishing,High
figmail.me,Google,Typosquatting on 'gmail' with character substitution (f->g),Medium
figmail.store,Google,Typosquatting on 'gmail' with character substitution (f->g),Medium
figurabigmail.ru,Google,Typosquatting containing 'gmail' with suspicious .ru TLD,Medium
finance.zoomingabout.com,Zoom,Subdomain containing 'zoom' with financial keyword,Medium
firgmail.com,Google,Typosquatting on 'gmail' with character substitution,High
firstmeta.com,Meta,Combo-squatting with 'first' prefix,Medium
fishslack.com,Slack,Combo-squatting with 'fish' prefix,Medium
fiu.edu.test-google-a.s-ly.me,Google,Subdomain containing 'google' in test environment pattern,High
fkfgmailer.com,Google,Typosquatting containing 'gmail' variant,Medium
foliaapple.pl,Apple,Combo-squatting with 'folia' prefix,Medium
fonts.googleapis.com,Google,Legitimate Google domain (false positive - should not be flagged),Low
franciscochase.com,Chase,Combo-squatting with name prefix,Medium
freegmail.ga,Google,Combo-squatting on 'gmail' with suspicious .ga TLD,High
fregmail.com,Google,Typosquatting on 'gmail' with character substitution,High
friends-facebook.com,Facebook,Combo-squatting with 'friends' prefix and hyphen,High
fringmail.com,Google,Typosquatting on 'gmail' with character insertion,High
fullmetal.anonaddy.com,Meta,Subdomain containing 'metal' (variant of 'meta'),Low
garageamazon.com,Amazon,Combo-squatting with 'garage' prefix,Medium
gateway.qm.apple.com,Apple,Legitimate Apple domain (false positive - should not be flagged),Low
gateway20.outlook.rest,Microsoft,Subdomain containing 'outlook' - potentially legitimate Microsoft infrastructure,Low
gemini-audio.net,Coinbase/Binance,Combo-squatting on 'Gemini' (crypto exchange) with 'audio' keyword,Low
gemini365.com,Coinbase/Binance,Combo-squatting on 'Gemini' (crypto exchange),Low
gemini3pro.icu,Coinbase/Binance,Combo-squatting on 'Gemini' with suspicious .icu TLD,Low
geminicg.com,Coinbase/Binance,Combo-squatting on 'Gemini' (crypto exchange),Low
gen.noxblocks.tk,Coinbase/Binance,Subdomain containing 'blocks' (crypto-related) with suspicious .tk TLD,Low
genuinemicrosoftkeyclub.com,Microsoft,Combo-squatting with 'genuine' and 'key' keywords,High
geo-crypto.com,Coinbase/Binance,"Generic crypto domain, not specific impersonation",Low
getstuffedgoogle.com,Google,Combo-squatting with prefix,Medium
gg.gmail2444.tk,Google,Typosquatting on 'gmail' with suspicious .tk TLD,High
gggmail.pl,Google,Typosquatting on 'gmail' with character repetition,High
gggmarketingmail.com,Google,Contains 'gmail' variant in domain,Low
ggmail.biz.st,Google,Typosquatting on 'gmail' with character substitution,High
ggmail.cloud,Google,Typosquatting on 'gmail' with character substitution,High
ggmail.guru,Google,Typosquatting on 'gmail' with character substitution,High
ggmail.lol,Google,Typosquatting on 'gmail' with character substitution,High
ggmail.website,Google,Typosquatting on 'gmail' with character substitution,High
ggmails.site,Google,Typosquatting on 'gmail' with character substitution,High
ggmails1.igg.biz,Google,Typosquatting on 'gmail' with character substitution,High
ggooglecn.com,Google,Typosquatting on 'google' with character repetition,High
ggvgmail.com,Gmail (Google),Typosquatting - character substitution/insertion in 'gmail',High
gigmail.store,Gmail (Google),Typosquatting - single character substitution 'gigmail' for 'gmail',High
gm-gmail.com,Gmail (Google),Combo-squatting with 'gm-gmail' pattern,High
gmail-anjim.tk,Gmail (Google),Combo-squatting with suspicious TLD (.tk) - known for abuse,High
gmail-at.com,Gmail (Google),Combo-squatting with 'gmail-at' pattern,High
gmail-b.lol,Gmail (Google),Combo-squatting with 'gmail-b' pattern,High
gmail-box.com,Gmail (Google),Combo-squatting with email-related keyword 'box',High
gmail-c.cc,Gmail (Google),Combo-squatting with 'gmail-c' pattern,High
gmail-es.com,Gmail (Google),Combo-squatting with country code pattern,High
gmail-fiji.gq,Gmail (Google),Combo-squatting with suspicious TLD (.gq) - known for abuse,High
gmail-temp.com,Gmail (Google),Combo-squatting with 'temp' keyword suggesting temporary email service,High
gmail.10mail.org,Gmail (Google),Subdomain impersonation - 'gmail' as subdomain,High
gmail.ax,Gmail (Google),Direct typosquatting with alternative TLD,High
gmail.bj,Gmail (Google),Direct typosquatting with country-code TLD,High
gmail.co.co.com,Gmail (Google),TLD confusion attack mimicking gmail.co structure,High
gmail.co.com,Gmail (Google),TLD confusion attack - common typo for gmail.com,High
gmail.com.co,Gmail (Google),TLD confusion attack with reversed TLD structure,High
gmail.com.co.com,Gmail (Google),TLD confusion attack with multiple extensions,High
gmail.com.com,Gmail (Google),TLD confusion attack - doubled .com extension,High
glaslack.com,Slack,Typosquatting - character substitution 'glaslack' for 'slack',Medium
gmail.com.outlook.com.0.0.mail.mujur.id,Google,Combo-squatting combining Gmail and Outlook brands with suspicious subdomain structure,High
gmail.com.outlook.com.dbk6.0.mail.mujur.id,Google,Combo-squatting combining Gmail and Outlook brands with suspicious subdomain structure,High
gmail.com.matt-salesforce.com,Google,Combo-squatting combining Gmail with Salesforce brand name,High
gmail.comprivaterelay.appleid.com,Apple,Combo-squatting combining Gmail with Apple's privaterelay and appleid services,High
gmail.google.com.emy.kr,Google,Subdomain structure impersonating gmail.google.com,High
gmail.con,Google,Typosquatting - 'con' instead of 'com' TLD for gmail,High
gmail.freegivs.tk,Google,TLD abuse using .tk domain with gmail subdomain,Medium
gmail2.asia,Google,Typosquatting on Gmail (Google service) with numeric addition,High
gmail2.cf,Google,Typosquatting on Gmail with numeric addition and suspicious TLD (.cf),High
gmail2.gq,Google,Typosquatting on Gmail with numeric addition and suspicious TLD (.gq),High
gmail2.shop,Google,Typosquatting on Gmail with numeric addition,High
gmail24s.xyz,Google,Typosquatting on Gmail with numeric/character additions,High
gmail40.com,Google,Typosquatting on Gmail with numeric addition,High
gmail4u.eu,Google,Typosquatting on Gmail with character addition ('4u'),High
gmailad.com,Google,Typosquatting on Gmail with character addition,High
gmailamz.vsmailpro.com,Google,Typosquatting on Gmail with subdomain abuse,High
gmailas.com,Google,Typosquatting on Gmail with character addition,High
gmailasdf.com,Google,Typosquatting on Gmail with character addition,High
gmailasdf.net,Google,Typosquatting on Gmail with character addition,High
gmailasdfas.com,Google,Typosquatting on Gmail with character addition,High
gmailasdfas.net,Google,Typosquatting on Gmail with character addition,High
gmailbete.cf,Google,Typosquatting on Gmail with character addition and suspicious TLD (.cf),High
gmailbox.co.kr,Google,Combo-squatting on Gmail with 'box' keyword,High
gmailbox.kr,Google,Combo-squatting on Gmail with 'box' keyword,High
gmailbrt.com,Google,Typosquatting on Gmail with character addition,High
gmailbrt.online,Google,Typosquatting on Gmail with character addition,High
gmailbrt.xyz,Google,Typosquatting on Gmail with character addition,High
gmailc.om,Google,Typosquatting on Gmail with TLD manipulation (.om instead of .com),High
gmailcard.com,Google,Combo-squatting on Gmail with 'card' keyword,High
gmailcc.com,Google,Typosquatting on Gmail with character addition,High
gmailcity.com,Google,Combo-squatting on Gmail with 'city' keyword,High
gmailcm.com,Google,Typosquatting on Gmail with character addition,High
gmailco.ml,Google,Typosquatting on Gmail with suspicious TLD (.ml),High
gmailcomcn.gq,Google,Typosquatting on Gmail with 'com' addition and suspicious TLD (.gq),High
gmailcomcom.com,Google,Typosquatting on Gmail with 'com' repetition,High
gmailcsdnetflix.com,Google,Combo-squatting combining Gmail and Netflix brands,High
gmaildd.com,Google,Typosquatting on Gmail with character addition,High
gmaildd.net,Google,Typosquatting on Gmail with character addition,High
gmaildfklf.com,Google,Typosquatting on Gmail with character addition,High
gmaildfklf.net,Google,Typosquatting on Gmail with character addition,High
gmaildk.com,Google,Typosquatting on Gmail with character addition,High
gmaildll.com,Google,Typosquatting on Gmail with character addition,High
gmaildort.com,Google,Typosquatting on Gmail with character addition,High
gmaildotcom.com,Google,Typosquatting on Gmail with 'dotcom' addition,High
gmaildottrick.com,Google,Typosquatting on Gmail with 'dottrick' addition,High
gmaile.co.com,Google,Typosquatting on Gmail with character addition,High
gmaile.design,Google,Typosquatting on Gmail with character addition,High
gmaile.usa.cc,Google,Typosquatting on Gmail with character addition,High
gmailer.site,Google,Typosquatting on Gmail with 'er' addition,High
gmailer.top,Google,Typosquatting on Gmail with 'er' addition,High
gmailere.com,Google,Typosquatting on Gmail with character addition,High
gmailere.net,Google,Typosquatting on Gmail with character addition,High
gmaileria.com,Google,Typosquatting on Gmail with character addition,High
gmailerttl.com,Google,Typosquatting on Gmail with character addition,High
gmailerttl.net,Google,Typosquatting on Gmail with character addition,High
gmailertyq.com,Google,Typosquatting on Gmail with character addition,High
gmailfe.com,Google,Typosquatting on Gmail with character addition,High
gmailfence.com,Google,Combo-squatting on Gmail with 'fence' keyword,High
gmailg.site,Google,Typosquatting on Gmail with character addition,High
gmailgirl.net,Google,Combo-squatting on Gmail with 'girl' keyword,High
gmailgmail.com,Google,Typosquatting on Gmail with brand repetition,High
gmailhost.net,Google,Combo-squatting on Gmail with 'host' keyword,High
gmailhre.com,Google,Typosquatting on Gmail with character addition,High
gmailhre.net,Google,Typosquatting on Gmail with character addition,High
gmailil.xyz,Google,Typosquatting on Gmail with character addition,High
gmailines.online,Google,Typosquatting on Gmail with character addition,High
gmailines.site,Google,Typosquatting on Gmail with character addition,High
gmailisberysus.tk,Google,Typosquatting on Gmail with character addition and suspicious TLD (.tk),High
gmailix.com,Google,Typosquatting on Gmail with character addition,High
gmailiz.com,Google,Typosquatting on Gmail with character addition,High
gmailjj.com,Google,Typosquatting on Gmail with character addition,High
gmailjl.com,Google,Typosquatting on Gmail with character addition,High
gmailkan.web.id,Google,Typosquatting on Gmail with character addition,High
gmailkeeper.org,Google,Combo-squatting on Gmail with 'keeper' keyword,High
gmailkita.biz.id,Google,Typosquatting on Gmail with character addition,High
gmailku.biz.id,Google,Typosquatting on Gmail with character addition,High
gmailku.com,Google,Typosquatting on Gmail with character addition,High
gmailku.my.id,Google,Typosquatting on Gmail with character addition,High
gmaill.co,Google,Typosquatting on Gmail with character addition (extra 'l'),High
gmaill.co.com,Google,Typosquatting on Gmail with character addition (extra 'l'),High
gmaill.it,Google,Typosquatting on Gmail with character addition (extra 'l'),High
gmaill.my.id,Google,Typosquatting on Gmail with character addition (extra 'l'),High
gmaill.site,Google,Typosquatting on Gmail with character addition (extra 'l'),High
gmailldfdefk.com,Google,Typosquatting on Gmail with character addition,High
gmailldfdefk.net,Google,Typosquatting on Gmail with character addition,High
gmailler.cf,Google,Typosquatting on Gmail with character addition and suspicious TLD (.cf),High
gmailler.com,Google,Typosquatting on Gmail with character addition,High
gmailler.ga,Google,Typosquatting on Gmail with character addition and suspicious TLD (.ga),High
gmailler.gq,Google,Typosquatting on Gmail with character addition and suspicious TLD (.gq),High
gmailler.tk,Google,Typosquatting on Gmail with character addition and suspicious TLD (.tk),High
gmaillis.com,Google,Typosquatting on Gmail with character addition,High
gmaillk.com,Google,Typosquatting on Gmail with character addition,High
gmailll.cf,Google,Typosquatting on Gmail with character addition and suspicious TLD (.cf),High
gmailll.ga,Google,Typosquatting on Gmail with character addition and suspicious TLD (.ga),High
gmailll.gq,Google,Typosquatting on Gmail with character addition and suspicious TLD (.gq),High
gmailll.org,Google,Typosquatting on Gmail with character addition (extra 'l's),High
gmailll.tech,Google,Typosquatting on Gmail with character addition (extra 'l's),High
gmaillli.com,Google,Typosquatting on Gmail with character addition,High
gmaillll.ga,Google,Typosquatting on Gmail with character addition and suspicious TLD (.ga),High
gmaillll.ml,Google,Typosquatting on Gmail with character addition and suspicious TLD (.ml),High
gmailllll.ga,Google,Typosquatting on Gmail with character addition and suspicious TLD (.ga),High
gmailloc.site,Google,Typosquatting on Gmail with character addition,High
gmaills.eu,Google,Typosquatting on Gmail with character addition,High
gmaillunge.site,Google,Typosquatting on Gmail with character addition,High
gmailmail.emlpro.com,Google,Typosquatting on Gmail with brand repetition in subdomain,High
gmailmail.ga,Google,Typosquatting on Gmail with brand repetition and suspicious TLD (.ga),High
gmailmail.ru,Google,Typosquatting on Gmail with brand repetition,High
gmailmarina.com,Google,Combo-squatting - 'gmail' + additional word,High
gmailnator.com,Google,Combo-squatting - 'gmail' + 'nator' suffix,High
gmailner.com,Google,Typosquatting - slight variation of 'gmail',High
gmailnet.xyz,Google,Combo-squatting with suspicious TLD (.xyz),High
gmailnew.com,Google,Combo-squatting - 'gmail' + 'new',High
gmailni.com,Google,Typosquatting - 'gmail' with extra characters,High
gmailnt.com,Google,Typosquatting - 'gmail' with extra characters,High
gmailo.net,Google,Typosquatting - 'gmail' with 'o' suffix,High
gmailo.site,Google,Typosquatting - 'gmail' with 'o' suffix,High
gmailod.com,Google,Typosquatting - 'gmail' with extra characters,High
gmailom.co,Google,Typosquatting - 'gmail' with extra characters,High
gmailos.com,Google,Typosquatting - 'gmail' with 'os' suffix,High
gmailot.com,Google,Typosquatting - 'gmail' with extra characters,High
gmailpay.com,Google,Combo-squatting - 'gmail' + 'pay' (payment keyword),High
gmailpop.ml,Google,Combo-squatting with suspicious TLD (.ml),High
gmailpopnew.com,Google,Combo-squatting - 'gmail' + 'pop' + 'new',High
gmailpost.com,Google,Combo-squatting - 'gmail' + 'post',High
gmailppwld.com,Google,Combo-squatting - 'gmail' + suspicious string,High
gmailppwld.net,Google,Combo-squatting - 'gmail' + suspicious string,High
gmailpremium.com.br,Google,Combo-squatting - 'gmail' + 'premium',High
gmailpro.cf,Google,Combo-squatting with suspicious TLD (.cf),High
gmailpro.gq,Google,Combo-squatting with suspicious TLD (.gq),High
gmailpro.ml,Google,Combo-squatting with suspicious TLD (.ml),High
gmailpro.tk,Google,Combo-squatting with suspicious TLD (.tk),High
gmails.co.com,Google,Typosquatting - 'gmails' (plural form),High
gmails.fun,Google,Typosquatting - 'gmails' (plural form),High
gmails.ru.com,Google,Typosquatting - 'gmails' (plural form),High
gmails.top,Google,Typosquatting - 'gmails' (plural form),High
gmailserver.org,Google,Combo-squatting - 'gmail' + 'server',High
gmailtemp.com,Google,Combo-squatting - 'gmail' + 'temp',High
gmailtop.com,Google,Combo-squatting - 'gmail' + 'top',High
gmailtube.net,Google,Combo-squatting - 'gmail' + 'tube',High
gmailu.ru,Google,Typosquatting - 'gmail' with 'u' suffix,High
gmailup.com,Google,Combo-squatting - 'gmail' + 'up',High
gmailus.top,Google,Typosquatting - 'gmail' + 'us',High
gmailv.top,Google,Typosquatting - 'gmail' with 'v' suffix,High
gmailvn.com,Google,Combo-squatting - 'gmail' + country code,High
gmailvn.net,Google,Combo-squatting - 'gmail' + country code,High
gmailvn.work,Google,Combo-squatting - 'gmail' + country code,High
gmailvn.xyz,Google,Combo-squatting - 'gmail' + country code with suspicious TLD,High
gmailx.xyz,Google,Typosquatting - 'gmail' with 'x' suffix and suspicious TLD,High
gmaily.tk,Google,Typosquatting with suspicious TLD (.tk),High
gmailya.com,Google,Typosquatting - 'gmail' with 'ya' suffix,High
gmflsodlgmail.com,Google,Combo-squatting - contains 'gmail',Medium
go.facebookmail.com,Facebook,Combo-squatting - 'facebook' + 'mail',High
gogogmail.com,Google,Typosquatting - 'gogo' + 'gmail',High
gogooglee.com,Google,Typosquatting - 'google' with extra letters,High
gogoogleitnow.com,Google,Combo-squatting - 'go' + 'google' + 'itnow',High
gonetflix.vip,Netflix,Combo-squatting - 'go' + 'netflix',High
goodgmail.com,Google,Combo-squatting - 'good' + 'gmail',High
goofy.apple.com,Apple,Subdomain impersonation - 'goofy' subdomain on apple.com,High
google-ads-akkaunt.fun,Google,Combo-squatting - 'google-ads' with misspelled 'account',High
google-clicker.com,Google,Combo-squatting - 'google' + 'clicker',High
google-email.ml,Google,Combo-squatting with suspicious TLD (.ml),High
google-mail.me,Google,Combo-squatting - 'google-mail',High
google-mail.ooo,Google,Combo-squatting - 'google-mail',High
google-plays.com,Google,Combo-squatting - 'google' + 'plays',High
google-visit-me.com,Google,Combo-squatting - 'google-visit-me',High
google.10mail.org,Google,Subdomain impersonation - 'google' as subdomain,High
google.bareed.ws,Google,Subdomain impersonation - 'google' as subdomain,High
google.disbox.org,Google,Subdomain impersonation - 'google' as subdomain,High
google.emlhub.com,Google,Subdomain impersonation - 'google' as subdomain,High
google.emltmp.com,Google,Subdomain impersonation - 'google' as subdomain,High
google.teml.net,Google,Subdomain impersonation - 'google' as subdomain,High
google.tmpeml.com,Google,Subdomain impersonation - 'google' as subdomain,High
google2019.ru,Google,Combo-squatting - 'google' + year,High
google2u.com,Google,Combo-squatting - 'google' + '2u',High
googleappmail.com,Google,Combo-squatting - 'google' + 'app' + 'mail',High
