asn,asn_name,domain_count
51167,"CONTABO - Contabo GmbH, DE",28812
133618,"TRELLIAN-AS-AP - Trellian Pty. Limited, AU",8988
13335,"CLOUDFLARENET - Cloudflare, Inc., US",8452
24940,"HETZNER-AS - Hetzner Online GmbH, DE",8259
14061,"DIGITALOCEAN-ASN - DigitalOcean, LLC, US",6784
30886,"KOMITEX-AS - PP KOM i TEX, UA",3380
15169,"GOOGLE - Google LLC, US",2816
62371,"PROTON - Proton AG, CH",2564
12586,"ASGHOSTNET - GHOSTnet GmbH, DE",2241
16276,"OVH - OVH SAS, FR",2020
16509,"AMAZON-02 - Amazon.com, Inc., US",1593
22612,"NAMECHEAP-NET - Namecheap, Inc., US",1586
8075,"MICROSOFT-CORP-MSN-AS-BLOCK - Microsoft Corporation, US",1562
31898,"ORACLE-BMC-31898 - Oracle Corporation, US",1203
396982,"GOOGLE-CLOUD-PLATFORM - Google LLC, US",900
213230,"HETZNER-CLOUD2-AS - Hetzner Online GmbH, DE",689
8560,"IONOS-AS - IONOS SE, DE",677
63949,"AKAMAI-LINODE-AP - Akamai Connected Cloud, SG",658
63023,"AS-GLOBALTELEHOST - GTHost, US",630
14618,"AMAZON-AES - Amazon.com, Inc., US",592
47172,"Greenhost - Greenhost BV, NL",576
46475,"LIMESTONENETWORKS - Limestone Networks, Inc., US",395
198610,"BEGET-AS - Beget LLC, RU",389
9123,"TimeWeb-AS - JSC _TIMEWEB_, RU",331
47583,"AS-HOSTINGER - Hostinger International Limited, CY",283
212317,"HETZNER-CLOUD3-AS - Hetzner Online GmbH, DE",282
398101,"GO-DADDY-COM-LLC - GoDaddy.com, LLC, US",257
202053,"UPCLOUD - UpCloud Ltd, FI",256
2639,"ZOHO-AS - ZOHO, US",218
200107,"KL-EXT - Kaspersky Lab Switzerland GmbH, CH",211
22843,"PROOFPOINT-ASN-US-EAST - Proofpoint, Inc., US",211
45102,"ALIBABA-CN-NET - Alibaba (US) Technology Co., Ltd., CN",210
13238,YANDEX - YANDEX LLC,168
60068,"CDN77 - Datacamp Limited, GB",168
38719,"DREAMSCAPE-AS-AP - Dreamscape Networks Limited, AU",168
26496,"AS-26496-GO-DADDY-COM-LLC - GoDaddy.com, LLC, US",157
20473,"AS-VULTR - The Constant Company, LLC, US",154
7506,"GMO-I-R1 - GMO Internet, Inc., JP",153
151847,"FASTMAILPTYLTD-AS-AP - Fastmail Pty Ltd, AU",148
132203,"TENCENT-NET-AP-CN - Tencent Building, Kejizhongyi Avenue, CN",141
197540,"netcup-AS - netcup GmbH, DE",139
213702,"QWINS-LTD - QWINS LTD, GB",134
9318,"SKB-AS-KR - SK Broadband Co Ltd, KR",131
48254,"TWENTYI - 20i Limited, GB",129
26211,"PROOFPOINT-ASN-US-WEST - Proofpoint, Inc., US",129
12025,"IMDC-AS12025 - Iron Mountain Data Center, US",128
48707,"AS48707-OPS-PL - AS48707 OPS PL sp. z o.o., PL",122
714,"APPLE-ENGINEERING - Apple Inc., US",104
135905,"VNPT-AS-VN - VIETNAM POSTS AND TELECOMMUNICATIONS GROUP, VN",97
15348,"TUCOWS - Tucows.com Co., CA",95
46606,"UNIFIEDLAYER-AS-1 - Unified Layer, US",91
200514,"KnownSRV - KnownSRV Ltd., GB",89
206938,"NESILDC - Nesildc Bilisim Cozumleri Sanayi Ve Ticaret Limited Sirketi, TR",87
3308,"TELIANET-DENMARK - Norlys Telco A/S, DK",78
57043,"HOSTKEY-AS - HOSTKEY B.V., NL",77
36086,"TELX-LEGACY - Telx, US",75
197695,"AS-REGRU - _Domain names registrar REG.RU_, Ltd, RU",74
30031,"MIMECAST-US - Mimecast North America Inc, US",71
9304,"HUTCHISON-AS-AP - HGC Global Communications Limited, HK",70
34766,"Layer23 - atom86 BV, NL",69
29873,"BIZLAND-SD - Newfold Digital, Inc., US",68
36352,"AS-COLOCROSSING - HostPapa, US",65
203446,"AS203446 - SMARTNET LIMITED, GB",65
6724,"STRATO - Strato GmbH, DE",63
199524,"GCORE - G-Core Labs S.A., LU",61
19318,"IS-AS-1 - Interserver, Inc, US",61
29182,"RU-JSCIOT - JSC IOT, RU",58
10439,"CARINET - CariNet, Inc., US",53
47764,"VK-AS - LLC VK, RU",51
46261,"QUICKPACKET - QuickPacket, LLC, US",49
29802,"HVC-AS - HIVELOCITY, Inc., US",48
32475,"SINGLEHOP-LLC - Internap Holding LLC, US",48
32244,"LIQUIDWEB - Liquid Web, L.L.C, US",47
29169,"GANDI-AS - GANDI SAS, FR",46
34788,"NMM-AS - Neue Medien Muennich GmbH, DE",44
12876,"AS12876 - Scaleway SAS, FR",44
41079,"CF-GDA - Cyber_Folks S.A., PL",44
36351,"SOFTLAYER - IBM Cloud, US",44
8495,"INTERNET_AG - INTERNET AG Global Network, DE",43
8860,"DELTA-BG-AS - Delta HighTech Ltd., BG",42
395092,"SHOCK-1 - Shock Hosting LLC, US",42
60781,"LEASEWEB-NL-AMS-01 - LeaseWeb Netherlands B.V., NL",42
44094,"WEBHOST1-AS - Webhost LLC, RU",41
54290,"HOSTWINDS - Hostwinds LLC., US",40
9009,"M247 - M247 Europe SRL, RO",38
59253,"LEASEWEB-APAC-SIN-11 - LEASEWEB SINGAPORE PTE. LTD., SG",36
32491,"TUCOWS-3 - Tucows.com Co., CA",36
34119,"WILDCARD-AS - Wildcard UK Limited, GB",34
200000,"Ukraine-AS - Hosting Ukraine LTD, UA",33
210079,"EUROBYTE - EuroByte LLC, RU",32
205111,"ZOHO-EU - ZOHO Corporation B.V, NL",32
20068,"HAWKHOST - Hawk Host Inc., CA",31
41913,"COMPUTERLINE - Computerline GmbH, CH",30
210976,"TWC-EU - Timeweb, LLP, KZ",30
216071,"VDSINA - SERVERS TECH FZCO, AE",29
13916,"PROOFPOINT-UT7 - Proofpoint, Inc., US",29
27357,"RACKSPACE - Rackspace Hosting, US",29
42846,"guzelhosting - GNET Internet Telekomunikasyon A.S., TR",29
43066,"IT-NRW - IT-NRW, DE",28
204800,"WHG-SGP - WHG Hosting Services Ltd, GB",28
31034,"ARUBA-ASN - Aruba S.p.A., IT",27
40021,"CONTABO-40021 - Contabo Inc., US",27
63473,"HOSTHATCH - HostHatch, LLC, US",27
29838,"AMC - Atlantic Metro Communications II, Inc., US",27
19871,"NETWORK-SOLUTIONS-HOSTING - Network Solutions, LLC, US",26
29222,"Infomaniak-AS - Infomaniak Network SA, CH",26
56201,"ZOHO-IN - Zoho Corporation Pvt. Ltd,, IN",26
16417,"IRONPORT-SYSTEMS-INC - Cisco Systems Ironport Division, US",26
60117,"HS - Host Sailor Ltd, AE",26
35916,"MULTA-ASN1 - MULTACOM CORPORATION, US",25
32097,"WII - WholeSale Internet, Inc., US",25
211401,"ATAK-AS - Atak Domain Bilgi Teknolojileri A.S., TR",25
19994,"RACKSPACE - Rackspace Hosting, US",24
30447,"INFB2-AS - Internet Names For Business Inc., CA",24
131965,"XSERVER - Xserver Inc., JP",24
40294,"CHARTER-40294-DC - Charter Communications LLC, US",24
45839,"SHINJIRU-MY-AS-AP - Shinjiru Technology Sdn Bhd, MY",24
20857,"TRANSIP-AS - Signet B.V., NL",23
7922,"COMCAST-7922 - Comcast Cable Communications, LLC, US",23
39729,"REGISTER-AS - REGISTER S.P.A., IT",23
55293,"A2HOSTING - A2 Hosting, Inc., US",22
14956,"ROUTERHOSTING - RouterHosting LLC, US",21
50599,"DATASPACE - DATASPACE P.S.A., PL",21
51468,"ONECOM - One.com A/S, DK",20
22611,"INMOTION - InMotion Hosting, Inc., US",20
36647,"YAHOO-GQ1 - Yahoo Holdings Inc., US",20
33182,"DIMENOC - HostDime.com, Inc., US",20
274011,"AS274011 - JUAN ALFREDO KNOLL, AR",20
25393,"MIROHOST - Internet Invest, Ltd., US",19
210909,"TUTA - Tutao GmbH, DE",19
202448,"mvps - MVPS LTD, CY",19
58061,"SCALAXY-AS - Scalaxy B.V., LV",19
44486,"SYNLINQ - Oliver Horscht is trading as _SYNLINQ_, DE",19
202422,"GHOST - G-Core Labs S.A., LU",19
62564,"LINVEO-LLC - LINVEO, LLC, US",19
49981,"WorldStream - WorldStream B.V., NL",19
57367,"ECO-ATMAN-PL - Atman Sp. z o.o., PL",18
6939,"HURRICANE - Hurricane Electric LLC, US",18
52129,"PROOFPOINT-ASN-EU - Proofpoint, Inc., US",18
49467,"EUROTA-ASN - INETMAR INTERNET HIZMETLERI BILISM TEKNOLOJILERI SANAYI VE TICARET LIMITED, TR",17
35278,"SPRINTHOST - SPRINTHOST.RU LLC, RU",17
60404,"Liteserver - The Infrastructure Group B.V., NL",17
135932,"VNDATA-AS-VN - Viet Storage Technology Joint Stock Company, VN",17
210878,"Treadstone-AS - Treadstone Business Development S.R.L., RO",16
53780,"AS-APPRIVER - APPRIVER LLC, US",16
37963,"ALIBABA-CN-NET - Hangzhou Alibaba Advertising Co.,Ltd., CN",16
18403,"FPT-VN - FPT Telecom Company, VN",16
52148,"ENIXLTD - Enix Ltd, GB",16
25577,"C4L-AS - MAINFRAME & CYBERNETIC SYSTEMS LIMITED, GB",16
44418,"BITDEFENDER-AS - Bitdefender SRL, RO",16
214996,"netcup - netcup GmbH, DE",16
4766,"KIXS-AS-KR-KR - Korea Telecom, KR",16
3462,"HINET - Data Communication Business Group, TW",16
212772,"ADGUARD - AdGuard Software Limited, CY",16
44112,"SWEB-AS - SpaceWeb Ltd, RU",15
13037,"ZEN-AS - Zen Internet Ltd, GB",15
8622,"ISIONUK - TEAM BLUE INTERNET SERVICES UK LIMITED, GB",15
58087,"FlorianKolb - Florian Kolb, DE",15
56851,"VPS-UA-AS - PE Skurykhin Mukola Volodumurovuch, UA",15
24961,"MYLOC-AS - WIIT AG, DE",14
3842,"RAMNODE - InMotion Hosting, Inc., US",14
198068,"PAGM-AS - P.A.G.M. OU, EE",14
209341,"WHG-FRA - WHG Hosting Services Ltd, GB",14
42427,"MIMECAST-UK - Mimecast Services Limited, GB",14
23352,"SERVERCENTRAL - DEFT.COM, US",14
26347,"DREAMHOST-AS - New Dream Network, LLC, US",13
50340,"SELECTEL-MSK - JSC Selectel, RU",13
40092,"ONIAAS - HostPapa, US",13
12824,"HOMEPL-AS - home.pl sp. z o.o., PL",13
8648,"ONE-NETWORK - dogado GmbH, DE",13
9371,"SAKURA-C - SAKURA Internet Inc., JP",13
48324,"DE-WEBGO - webgo GmbH, DE",13
965,"WEBHOSTINGHOLDINGS - Webhosting Holdings LLC, US",13
7393,"CYBERCON - CYBERCON, INC., US",12
7684,"SAKURA-A - SAKURA Internet Inc., JP",12
199118,"HPLS-AS - Heinlein-Support GmbH, DE",12
33724,"BIZNESSHOSTING-DBA-VOLICO - VOLICO, US",12
15598,"IPX-AS15598 - NorthC Deutschland GmbH, DE",12
211306,"Treadstone-AS - Treadstone Business Development S.R.L., RO",12
42831,"UKSERVERS-AS - UK Dedicated Servers Limited, GB",11
48287,"RU-CENTER - JSC _RU-CENTER_, RU",11
212477,"ROYALE-AS - RoyaleHosting BV, NL",11
54641,"IMH-IAD - InMotion Hosting, Inc., US",11
12488,"KRYSTAL - Krystal Hosting Ltd, GB",11
212238,"CDNEXT - Datacamp Limited, GB",11
16686,"EDNS - easyDNS Technologies, Inc., CA",11
210403,"LWS - Groupe LWS SARL, FR",11
396949,"CLOUDWEBMANAGE-TX - Kamatera, Inc., US",11
50474,"O2SWITCH - O2SWITCH SAS, FR",11
14670,"WHG-USE1 - WHG Hosting Services Ltd, GB",11
136246,"TOMATTOSTL-AS-AP - Tomattos Technologies Ltd., BD",11
174,"COGENT-174 - Cogent Communications, LLC, US",11
16406,"AS-INTERMEDIA - Intermedia.net, Inc., US",11
31080,"O2-AS - Wirtualna Polska Media S.A., PL",11
2497,"IIJ - Internet Initiative Japan Inc., JP",11
21100,"ITLDC-EU - GREEN FLOID LLC, US",11
47544,"IQPL-AS - IQ PL Sp. z o.o., PL",11
200177,"ATLANTIC-AS-ID - PT Atlantic Aksa Group, ID",10
3209,"VODANET - Vodafone GmbH, DE",10
18779,"EGIHOSTING - EGIHosting, US",10
8342,"RTCOMM-AS - JSC RTComm.RU, RU",10
204601,"PODAON - NovoServe B.V., NL",10
12574,"ROUTING - Hosting.de GmbH, DE",10
34931,"AWARESOFT - Awareness Software Limited, GB",10
39287,"materialism - Materialism s.r.l., RO",10
18450,"WEBNX - WebNX, Inc., US",10
30247,"VOONAMI - Voonami, Inc., US",10
21499,"GODADDY-SXB - Host Europe GmbH, DE",10
14555,"LIQUIDNETLTD1 - LiquidNet US LLC, US",10
34762,"COMBELL-AS - Combell NV, BE",10
22653,"GLOBALCOMPASS - Cyber Wurx LLC, US",10
16633,"I-3 - N-able Technologies, Inc., US",10
53667,"PONYNET - FranTech Solutions, US",10
397423,"TIER-NET - Tier.Net Technologies LLC, US",9
58487,"CRI-AS-AP - CV. Rumahweb Indonesia, ID",9
63410,"PRIVATESYSTEMS - PrivateSystems Networks, US",9
7018,"ATT-INTERNET4 - AT&T Enterprises, LLC, US",9
206281,"AS-ZXCS - Stichting DIGI NL, NL",9
26101,"YAHOO-BF1 - Yahoo Holdings Inc., US",9
203248,"BurtiNET - BNET BULUT Bilisim Hizmetleri Tic. Ltd. Sti., TR",9
34619,"CIZGI - CIZGI TELEKOMUNIKASYON ANONIM SIRKETI, TR",8
13768,"COGECO-PEER1 - Aptum Technologies, CA",8
141995,"CAPL-AS-AP - Contabo Asia Private Limited, SG",8
40476,"SCALAHOSTING - Scala Hosting LLC, US",8
46824,"NAMECRANE - NameCrane LLC, US",8
53589,"PLANETHOSTER-8 - PlanetHoster, CA",8
32934,"FACEBOOK - Facebook, Inc., US",8
20860,"IOMART-AS - IOMART CLOUD SERVICES LIMITED, GB",8
201814,"Mevspace - MEVSPACE sp. z o.o., PL",8
209605,"hostbaltic - UAB Host Baltic, LT",8
209,"CENTURYLINK-US-LEGACY-QWEST - CenturyLink Communications, LLC, US",8
58791,"GMO-I-R2 - GMO Internet, Inc., JP",8
49505,"SELECTEL - JSC Selectel, RU",8
22414,"CRAIGS-NET-1 - Craigslist, Inc., US",8
6364,"ATLANTIC-NET-1 - Atlantic.net, Inc., US",8
27257,"WEBAIR-INTERNET - Webair Internet Development Company Inc., US",8
60819,"SAFENAMES-AS - Safenames Ltd., GB",8
36236,"NETACTUATE - NetActuate, Inc, US",7
3561,"CENTURYLINK-LEGACY-SAVVIS - CenturyLink Communications, LLC, US",7
30083,"AS-30083-US-VELIA-NET - velia.net, DE",7
203417,"LHPL - LH.pl Sp. z o.o., PL",7
13694,"XECUNET - Xecunet, LLC., US",7
139006,"ZCPL-AS-AP - Zoho Corporation PTY LTD, AU",7
48896,"DHOSTING-AS - dhosting.pl Sp. z o.o., PL",7
55688,"BEON-AS-ID - PT. Beon Intermedia, ID",7
29097,"HOSTPOINT-AS - Hostpoint AG, CH",7
8739,"ICDSoft - ICDSoft Ltd., BG",7
37153,"Xneelo (Pty) Ltd - Xneelo (Pty) Ltd, ZA",7
15967,"NETARTGROUP - Nazwa.pl Sp.z.o.o., PL",7
48635,"CLDIN-NL - Your Hosting B.V., NL",7
207957,"ServHost-AS - SERV.HOST GROUP LTD, GB",7
32181,"ASN-GIGENET - GigeNET, US",7
43350,"NFORCE - NForce Entertainment B.V., NL",7
36646,"YAHOO-NE1 - Yahoo Holdings Inc., US",7
20738,"GD-EMEA-DC-LD5 - Heart Internet limited, GB",7
28753,"LEASEWEB-DE-FRA-10 - Leaseweb Deutschland GmbH, DE",7
149020,"WEBHORIZON-AS-AP - WebHorizon Internet Services, SG",7
45638,"SYNERGYWHOLESALE-AP - SYNERGY WHOLESALE PTY LTD, AU",7
9002,"RETN-AS - RETN Limited, GB",7
26666,"INTERSERVER-LAX - Interserver, Inc, US",7
29066,"VELIANET-AS - velia.net Internetdienste GmbH, DE",7
151858,"INTERDIGI-VN - INTERDIGI JOINT STOCK COMPANY, VN",7
24935,"ATE-AS - Eurofiber France SAS, FR",7
21859,"ZEN-ECN - Zenlayer Inc, US",7
40676,"AS40676 - Psychz Networks, US",7
34010,"YAHOO-IRD - Yahoo-UK Limited, GB",7
37907,"DIGIROCK - DigiRock, Inc., JP",6
41608,"NextGenWebs-NL - NextGenWebs, S.L., ES",6
398810,"MXROUTE - MXroute LLC, US",6
34011,"GD-EMEA-DC-CGN1 - Host Europe GmbH, DE",6
139203,"CHINANET-Guizhou-Guian-IDC - Guizhou GuiAn IDC, CN",6
55286,"SERVER-MANIA - B2 Net Solutions Inc., CA",6
15557,"LDCOMNET - Societe Francaise Du Radiotelephone - SFR SA, FR",6
51191,"XIRRA - Core-Backbone GmbH, DE",6
199404,"WHG-IN - WHG Hosting Services Ltd, GB",6
32613,"IWEB-AS - Leaseweb Canada Inc., CA",6
57344,"TELEHOUSE-AS - Telehouse EAD, BG",6
60118,"CyberSmartSolutions-AS - INVITE Systems SRL, RO",6
214036,"ULTAHOST-AS - Ultahost, Inc., US",6
30600,"AS-CMN - Metronet, US",6
28685,"ASN-ROUTIT - Routit BV, NL",6
3320,"DTAG - Deutsche Telekom AG, DE",6
7859,"PAIR-NETWORKS - pair Networks, US",6
25820,"IT7NET - IT7 Networks Inc, CA",6
31242,"TKPSA-AS - P4 Sp. z o.o., PL",6
30238,"AS-IRONP-VEGA - Cisco Systems Ironport Division, US",6
701,"UUNET - Verizon Business, US",6
46844,"SHARKTECH - Sharktech, US",6
56694,"SmartApe - LLC Smart Ape, RU",6
47846,"SEDO-AS - SEDO GmbH, DE",5
212531,"Interneto-vizija - UAB _Interneto vizija_, LT",5
29522,"CF-KRK - Cyber_Folks S.A., PL",5
149089,"CLOUDFLY-VN - CLOUDFLY CORPORATION, VN",5
399646,"DARTNODE - Snaju Development, US",5
30633,"LEASEWEB-USA-WDC - Leaseweb USA, Inc., US",5
43614,"ECONOMIA-CZ - Economia a.s., CZ",5
44051,"FORNEX-AS - Fornex Hosting S.L., ES",5
48854,"team-blue-denmark - team.blue Denmark A/S, DK",5
51557,"TR-ISIMTESCIL-20201202 - Isimtescil Bilisim A.S., TR",5
51013,"WEBSUPPORT-SRO-SK-AS - WebSupport s.r.o., SK",5
12874,"FASTWEB - Fastweb SpA, IT",5
23470,"RELIABLESITE - ReliableSite.Net LLC, US",5
214481,"wczapkowicz-as - Wojciech Czapkowicz, PL",5
27823,"AS27823 - Dattatec.com, AR",5
52030,"SERVERPLAN-AS - Server Plan S.r.l., IT",5
211381,"PODAON - Podaon SIA, LV",5
42730,"EVANZOAS - EVANZO e-commerce GmbH, DE",5
13354,"ZC38-AS1 - zColo, US",5
200019,"AlexHost - ALEXHOST SRL, MD",5
23724,"CHINANET-IDC-BJ-AP - IDC, China Telecommunications Corporation, CN",5
204213,"netmihan - Netmihan Communication Company Ltd, IR",5
25394,"MK-NETZDIENSTE-AS - MK Netzdienste Verwaltungs GmbH trading as MK Netzdienste GmbH & Co. KG, DE",5
15685,"CASABLANCA-AS - CASABLANCA INT a.s., CZ",5
205787,"Publicloud - Public Cloud Ltd., BG",5
26042,"FIBERSTATE - FiberState, LLC, US",5
215859,"HETZNER-CLOUD4-AS - Hetzner Online GmbH, DE",5
39588,"MIMECAST-DE - Mimecast Services Limited, GB",5
13767,"DATABANK-DFW - DataBank Holdings, Ltd., US",5
62904,"AS62904 - Eonix Corporation, US",5
29134,"IGNUM-AS - Webglobe, s.r.o., CZ",5
394380,"LEASEWEB-USA-DAL - Leaseweb USA, Inc., US",5
36454,"WHG-DAL - WHG Hosting Services Ltd, GB",5
29909,"METROOPTIC - Metro Optic, CA",4
5606,"GTS-BACKBONE - GTS Telecom SRL, RO",4
57494,"ADMAN-AS - Adman LLC, RU",4
42807,"AEROTEK-AS - CIZGI TELEKOMUNIKASYON ANONIM SIRKETI, TR",4
36218,"WHG-CAN - WHG Hosting Services Ltd, GB",4
211993,"Soverin - Soverin B.V., NL",4
211183,"AdminVPS - AdminVPS OOO, RU",4
3356,"LEVEL3 - Level 3 Parent, LLC, US",4
27589,"MOJOHOST - MOJOHOST, US",4
62082,"HOSTLAND - Hostland LTD, RU",4
5650,"FRONTIER-FRTR - Frontier Communications of America, Inc., US",4
50673,"Serverius-as - Serverius Holding B.V., NL",4
2514,"InfoSphere - NTT PC Communications, Inc., JP",4
50840,"AS-HITME - Marek Bajerski trading as HITME.PL, PL",4
197712,"CDmon - 10dencehispahard, S.L., ES",4
27715,"AS27715 - Locaweb Servicos de Internet S/A, BR",4
25532,"MASTERHOST-AS - LLC _MASTERHOST_, RU",4
393471,"FOS-HOSTING - FOS Hosting, LLC, US",4
3223,"VOXILITY - Voxility LLP, GB",4
210250,"WPX - K Media Tech Ltd., BG",4
199959,"CrownCloud - GWY IT PTY LTD, AU",4
8677,"WORLDLINE - Worldline SA, FR",4
49126,"AS49126 - IHS Kurumsal Teknoloji Hizmetleri A.S, TR",4
212216,"Netafraz - Netafraz Iranian Ltd., IR",4
149107,"TRUMVPS-VN - TRUMVPS COMPANY LIMITED, VN",4
131775,"IDNIC-JALANET-AS-ID - PT. Jupiter Jala Arta, ID",4
133752,"LEASEWEB-APAC-HKG-10 - LEASEWEB HONG KONG LIMITED, HK",4
138915,"KAOPU-HK - Kaopu Cloud HK Limited, HK",4
30475,"WEHOSTWEBSITES-COM - Handy Networks, LLC, US",4
25369,"BANDWIDTH-AS - Hydra Communications Ltd, GB",4
33387,"NOCIX - Nocix, LLC, US",4
36943,"1 GRID (PTY) LTD - 1 GRID (PTY) LTD, ZA",4
142036,"HOSTEONS-AS-AP - Hosteons Pte. Ltd., SG",4
400754,"GO-DADDY-COM-LLC - GoDaddy.com, LLC, US",4
3214,"XTOM - xTom GmbH, DE",4
7625,"DAUM-AS-KR - Kakao Corp, KR",4
59711,"HZ-EU-AS - HZ Hosting Ltd, BG",4
209767,"SAMTECO - SAMTECO SERV SRL, RO",4
52000,"MIRhosting - MIRhosting B.V., NL",4
13182,"ASN-ADHOC-NETWORK - Made Network Srl, IT",4
2516,"KDDI - KDDI CORPORATION, JP",4
10242,"USINTERNET - US Internet Corp, US",4
45090,"TENCENT-NET-AP - Shenzhen Tencent Computer Systems Company Limited, CN",4
39835,"GoeTel - goetel GmbH, DE",4
11878,"TZULO - tzulo, inc., US",4
3786,"LGDACOM-KR - LG DACOM Corporation, KR",4
201200,"SUPERHOSTING_AS - SuperHosting.BG Ltd., BG",4
131392,"RUNSYSTEM-AS-VN - GMO-Z.com Runsystem Joint Stock Company, VN",4
201909,"INTELI-TECH-DEVELOPMENT-SRL - INTELI TECH DEVELOPMENT SRL, RO",4
13246,"INETWIRE-AS - Key-Systems GmbH, DE",4
50304,"BLIX - Blix Solutions AS, NO",4
209641,"I-SERVERS-EAST - IHOR HOSTING LTD, GB",4
39570,"LOOPIA - Loopia AB, SE",4
138115,"IDNIC-DENEVA-AS-ID - PT Deneva, ID",4
38731,"VTDC-AS-VN - Vietel - CHT Compamy Ltd, VN",4
31863,"DACEN-2 - Centrilogic, Inc., US",4
9891,"CSLOX-IDC-AS-AP - CS LOXINFO Public Company Limited., TH",4
12996,"DOMENESHOP - Domeneshop AS, NO",4
25693,"VIRMACH - Virtual Machine Solutions LLC, US",4
4837,"CHINA169-Backbone - CHINA UNICOM China169 Backbone, CN",4
57724,"DDOS-GUARD - DDOS-GUARD LTD, RU",4
43541,"VSHOSTING - VSHOSTING-CDN, CZ",4
131921,"GMOCL - GMO GlobalSign Holdings K.K., JP",3
15817,"MITTWALD-AS - Robert Meyer trading as _Mittwald CM Service GmbH & Co. KG_, DE",3
14627,"NOIP-VITAL - Vitalwerks Internet Solutions, LLC, US",3
56067,"METRABYTE-TH - 453 Ladplacout Jorakhaebua, TH",3
207728,"EUROHOSTER - EUROHOSTER Ltd., BG",3
31229,"PL-BEYOND-AS - Beyond.pl sp. z o.o., PL",3
39566,"AS-SMARTHOST-PL - Smarthost sp. z o.o., PL",3
53850,"GORILLASERVERS - GorillaServers, Inc., US",3
8473,"BAHNHOF - Bahnhof AB, SE",3
41828,"TELEMACH-HOSTING - Telemach Slovenija d.o.o., SI",3
396073,"MAJESTIC-HOSTING-01 - Majestic Hosting Solutions, LLC, US",3
327979,"DIAMATRIX C.C - DIAMATRIX C.C, ZA",3
209847,"THE - WorkTitans B.V., NL",3
9370,"SAKURA-B - SAKURA Internet Inc., JP",3
215117,"HOSTERDADDY - HosterDaddy Private Limited, IN",3
396356,"LATITUDE-SH - Latitude.sh, US",3
48716,"PSKZ-ALA - PS Internet Company LLP, KZ",3
63018,"DEDICATED - Dedicated.com, US",3
136787,"PACKETHUBSA-AS-AP - PacketHub S.A., PA",3
399275,"SOLID - Solid Systems LLC, US",3
22773,"ASN-CXA-ALL-CCI-22773-RDC - Cox Communications Inc., US",3
39392,"SuperNetwork - SuperNetwork, CZ",3
4755,"TATACOMM-AS - TATA Communications formerly VSNL is Leading ISP, IN",3
149124,"THANHPHAT-VN - WEBPX SOFTWARE COMPANY LIMITED, VN",3
15738,"UAEXPRESS - TOV BF Express Ltd, UA",3
40244,"TURNKEY-INTERNET - Turnkey Internet Inc., US",3
59939,"WIBO-AS - WIBO Baltic UAB, LT",3
131353,"NHANHOA-AS-VN - NhanHoa Software company, VN",3
214640,"HOSTUP - Hostup AB, SE",3
47302,"CYON - cyon AG, CH",3
44476,"zetta-as - ZETTA HOSTING SOLUTIONS LLC., BG",3
44136,"ASODERLAND - ODERLAND Webbhotell AB, SE",3
25504,"CRONON-AS - Vautron Rechenzentrum AG, DE",3
4694,"IDCF - IDC Frontier Inc., JP",3
394456,"EPIK-LLC - Epik LLC, US",3
36666,"GTCOMM - GloboTech Communications, CA",3
34177,"CELESTE-AS - Celeste SAS, FR",3
47447,"TTM - 23M GmbH, DE",3
269800,"AS269800 - NTERCONEXION HN S.A, HN",3
399250,"NAMEHERO-KCDC - Name Hero, LLC, US",3
28299,"AS28299 - LWSA S/A, BR",3
46015,"EXABYTES-AS-AP - Exa Bytes Network Sdn.Bhd., MY",3
21409,"IKOULA - Ikoula Net SAS, FR",3
137035,"PWCS-AS-AP - Parallel Web Cloud Services, IN",3
36444,"NEXCESS-NET - Liquid Web, L.L.C, US",3
42889,"METAVIRA-AS - Metavira LLC, RU",3
44925,"THE-1984-AS - 1984 ehf, IS",3
31103,"KEYWEB-AS - Keyweb AG, DE",3
39704,"CJ2-AS - CJ2 Hosting B.V., NL",3
63068,"CROCWEB - CrocWeb, CA",3
56485,"THEHOST-AS - TheHost LLC, UA",3
25151,"CYSO-AS - Cyso Group B.V., NL",3
12993,"DEAC-AS - Sabiedriba ar ierobezotu atbildibu DELSKA Latvia, LV",3
21069,"ASN-METANET - METANET AG, CH",3
5483,"MAGYAR-TELEKOM-MAIN-AS - Magyar Telekom Plc., HU",3
8708,"DIGI-RO - DIGI ROMANIA S.A., RO",3
200223,"ETHERON - Lars Jannick Volkers trading as Etheron Hosting, NL",3
9808,"CHINAMOBILE-CN - China Mobile Communications Group Co., Ltd., CN",3
35876,"VOLTNET-01 -03 - VoltNet inc, US",3
31549,"RASANA - Aria Shatel PJSC, IR",3
8412,"TMA - T-Mobile Austria GmbH, AT",3
397081,"VALKYRIE-HOSTING - Valkyrie Hosting LLC, US",3
140389,"IDNIC-DBIZ-AS-ID - PT Dewa Bisnis Digital, ID",3
34549,"MEER-AS - meerfarbig GmbH & Co. KG, DE",3
210644,"AEZA-AS - AEZA GROUP LLC, RU",3
31083,"Telepoint - Telepoint Ltd, BG",3
207668,"ITH-PL - ITH sp. z o.o., PL",3
28748,"ALPHACRON-AS - Marc Pauls (AlphaCron Datensysteme), DE",3
20454,"SSASN2 - SECURED SERVERS LLC, US",3
7203,"LEASEWEB-USA-SFO - Leaseweb USA, Inc., US",3
17378,"AS17378 - TierPoint, LLC, US",3
24638,"RAMBLER-TELECOM-AS - Rambler Internet Holding LLC, RU",3
50613,"ThorDC-AS - Advania Island ehf, IS",3
7552,"VIETEL-AS-AP - Viettel Group, VN",3
211642,"AdminVPS - AdminVPS OOO, RU",3
8359,"MTS - MTS PJSC, RU",3
46505,"NIXIHOST - NixiHost.com Incorporated, US",3
41528,"LOOPIA3 - Loopia AB, SE",3
394695,"PUBLIC-DOMAIN-REGISTRY - PDR, US",3
62214,"RACKFOREST-AS - Rackforest Zrt., HU",3
198203,"ASN-ROUTELABEL - RouteLabel V.O.F., NL",3
12695,"DINET-AS - LLC Digital Network, RU",3
136052,"IDNIC-IDCLOUDHOST-AS-ID - PT Cloud Hosting Indonesia, ID",2
205406,"Access2IT - Access2.IT Group B.V., NL",2
20001,"TWC-20001-PACWEST - Charter Communications Inc, US",2
205275,"ROMARG - ROMARG SRL, RO",2
204490,"ASKONTEL - Kontel LLC, RU",2
23576,"nhn-AS-KR-KR - NAVER Cloud Corp., KR",2
3064,"AFFINITY-FTL - Ntirety, Inc.",2
57497,"FarasoSamanehPasargad - Faraso Samaneh Pasargad Ltd., IR",2
30277,"DFW-DATACENTER - DFW Datacenter, US",2
56654,"AS56654 - Infinity Telecom SRL, RO",2
3188,"alastyr - Alastyr Telekomunikasyon A.S., TR",2
397373,"H4Y-TECHNOLOGIES - H4Y Technologies LLC, US",2
12322,"PROXAD - Free SAS, FR",2
19437,"SS-ASH - SECURED SERVERS LLC, US",2
53057,"AS53057 - RedeHost Internet Ltda., BR",2
203476,"GANDI-AS-2 - GANDI SAS, FR",2
5539,"SPACENET - SpaceNet AG, DE",2
47692,"NESSUS - Nessus GmbH, AT",2
8636,"MAXNET - MAXnet Systems Ltd., RU",2
202376,"ARVID-LOGICUM - Arvid Logicum OU, EE",2
60592,"GRANSY - Gransy s.r.o., CZ",2
133159,"MAMMOTHMEDIA-AS-AP - Mammoth Media Pty Ltd, AU",2
401696,"COGNETCLOUD - cognetcloud INC, US",2
51783,"dedic-center-as - The Center of Dedicated Servers LLC, RU",2
20756,"NAMESHIELD - NAMESHIELD SAS, FR",2
8254,"ROUTE95 - GREEN FLOID LLC, US",2
197720,"TURKTICARET-AS1 - TURKTICARET.NET YAZILIM HIZMETLERI SAN. ve TIC. A.S., TR",2
51659,"ASBAXET - LLC Baxet, RU",2
135377,"UCLOUD-HK-AS-AP - UCLOUD INFORMATION TECHNOLOGY (HK) LIMITED, HK",2
18501,"JOESD-18501 - CyberCloud Professionals LLC, US",2
205876,"HOASTED - Hoasted B.V., NL",2
48314,"IP-PROJECTS - Michael Sebastian Schinzel trading as IP-Projects GmbH & Co. KG, DE",2
16371,"acens_AS - acens Technologies, S.L., ES",2
33876,"Flesk-AS - DMNS - DOMINIOS, S.A., PT",2
7979,"SERVERS-COM - Servers.com, Inc., US",2
59895,"BINARYRACKS-AS - Binary Racks Limited, GB",2
59729,"ITL-BG - GREEN FLOID LLC, US",2
51852,"PLI-AS - Private Layer INC, PA",2
23496,"CAMBIAHEALTH - Cambia Health Solutions, Inc., US",2
216395,"hostbet - HostBet Cloud Technologies Private Limited, IN",2
577,"BACOM - Bell Canada, CA",2
31042,"SERBIA-BROADBAND-AS - Yettel d.o.o., RS",2
51248,"HOST-TELECOM - Host-Telecom.com s.r.o., CZ",2
197019,"WEDOS - WEDOS Internet, a.s., CZ",2
63760,"AZDIGI-AS-VN - AZDIGI Corporation, VN",2
21413,"ENVIA-TEL-AS - Envia Tel GmbH, DE",2
14415,"HOSTCOLLECTIVE - Host Collective, Inc., US",2
216180,"WHG-AUS - WHG Hosting Services Ltd, GB",2
6830,"LibertyGlobal - Liberty Global Europe Holding B.V., NL",2
209564,"CONVOTIS - CONVOTIS Deutschland GmbH, DE",2
23535,"HOSTROCKET - HostRocket.com, Inc., US",2
215590,"XORA-AS - DpkgSoft International Limited, GB",2
55720,"GIGABIT-MY - Gigabit Hosting Sdn Bhd, MY",2
200487,"OOOVPS-AS - OOO VPS, RU",2
4812,"CHINANET-SH-AP - China Telecom (Group), CN",2
9308,"CHINA-ABITCOOL - Abitcool(China) Inc., CN",2
12389,"ROSTELECOM-AS - PJSC Rostelecom, RU",2
209243,"quickhostuk - QuickHostUK Limited, GB",2
35985,"ONERINGNET-ATL-1 - One Ring Networks, Inc., US",2
6805,"TDDE-ASN1 - Telefonica Germany GmbH & Co.OHG, DE",2
24875,"NOVOSERVE-AS - NovoServe B.V., NL",2
19377,"CLOUD-CARIB-LTD - Cloud Carib Limited, BS",2
16086,"DNA - DNA Oyj, FI",2
26367,"BRADLEY-UNIVERSITY - Bradley University, US",2
5617,"TPNET - Orange Polska Spolka Akcyjna, PL",2
20021,"LNH-INC - Ntirety, Inc., US",2
44259,"ULTAHOST-AP-AS - Ultahost, Inc., US",2
399486,"VIRTUO - 12651980 CANADA INC., CA",2
203053,"ClausWEB - CLAUS WEB srl, RO",2
197684,"ASHOSTUA - DeRoy LLC., US",2
197706,"Keminet - Keminet SHPK, AL",2
37611,"AFRIHOST SP (PTY) LTD - AFRIHOST SP (PTY) LTD, ZA",2
20248,"TAKE2 - Take 2 Hosting, Inc., US",2
210772,"NEWPUSH - NewPush Europe Kft., HU",2
48596,"INWX - InterNetworX Management GmbH, DE",2
64236,"UNREAL-SERVERS - UnReal Servers, LLC, US",2
13789,"INTERNAP-BLK3 - Unitas Global, US",2
44043,"Cyber_Folks-RO-DC_CLJ - Cyber_Folks SRL, RO",2
25697,"UPCLOUDUSA - UpCloud USA Inc, US",2
17054,"EXPEDIENT - Expedient, US",2
211001,"TTR-GROUP - TTR IT Holdings Limited, HK",2
34360,"OGICOM - Cyber_Folks S.A., PL",2
58466,"CT-Guangzhou-IDC - CHINANET Guangdong province network, CN",2
139549,"CRISPENT-AS - Crisp Enterprises, IN",2
200719,"MISSDOMAIN - Miss Hosting AB, SE",2
216475,"nktelecom - NKtelecom INC, US",2
35667,"XSALTO35667 - Alpilink Cloud S.A.S., FR",2
206170,"Inleed - Yelles AB, SE",2
8758,"IWAY - Iway AG, CH",2
216127,"NUXT-AS - INTERNATIONAL HOSTING COMPANY LIMITED, GB",2
212025,"cukman-as - Cukman Kresimir, HR",2
21003,"General Post and Telecommunication Company (GPTC) - General Post and Telecommunication Company (GPTC), LY",2
26277,"SERVERPOINT - ServerPoint.com, US",2
30722,"VODAFONE-IT-ASN - Fastweb SpA, IT",2
14450,"GEICO01 - GEICO, US",2
4134,"CHINANET-BACKBONE - No.31,Jin-rong Street, CN",2
9524,"HMC-AS-KR - Hyundai Autoever Corp., KR",2
132420,"E2E-NETWORKS-IN - 282, Sector 19, IN",2
53755,"IOFLOOD - Input Output Flood LLC, US",2
394344,"NETACTUATE - NetActuate, Inc, US",2
48282,"VDSINA-AS - Hosting technology LTD, RU",2
58051,"Zume - Alpha Internet Limited, GB",2
45146,"RAJASA-AS-ID-AP - PT. Raja Sepadan Abadi, ID",2
61969,"TEAMINTERNET-AS - Team Internet AG, DE",2
133800,"IDNIC-BIZNETGIO-AS-ID - PT Biznet Gio Nusantara, ID",2
4811,"CHINANET-SHANGHAI-MAN - China Telecom (Group), CN",2
3257,"GTT-BACKBONE - GTT Communications Inc., US",2
15404,"UNSPECIFIED - COLT Technology Services Group Limited, GB",2
47995,"AT-AS - Apple Technologies LLC, RU",2
43513,"NANO-AS - Sia Nano IT, LV",2
8001,"COLOGIX - Cologix, Inc, US",2
6327,"SHAW - Shaw Communications, CA",2
262954,"AS262954 - VirtuaServer Informatica Ltda, BR",2
42331,"FREEHOST - PE Freehost, UA",2
20676,"PLUSNET - Plusnet GmbH, DE",2
133296,"WEBWERKS-AS-IN - Web Werks India Pvt. Ltd., IN",2
8881,"VERSATEL - 1&1 Versatel GmbH, DE",2
12400,"PARTNER-AS - Partner Communications Ltd., IL",2
394437,"PSLIGHTWAVE - PS Lightwave, US",2
207252,"Realtox-Media - Felix Gassan, DE",2
40934,"FORTINET - Fortinet Inc., US",2
59210,"PHOENIXNAP-AS-SG1 - PhoenixNAP, SG",2
139457,"IDNIC-ANTMEDIAHOST-AS-ID - PT Semut Data Indonesia, ID",2
207333,"Hoster-AST - LLP _Kompaniya Hoster.KZ_, KZ",2
29239,"I-NETPARTNER-AS - I-NetPartner GmbH Online Services, DE",2
17505,"SBmobile - SoftBank Corp., JP",2
51713,"WHG-LON - WHG Hosting Services Ltd, GB",2
45352,"IPSERVERONE-AS-AP - IP ServerOne Solutions Sdn Bhd, MY",2
208677,"CLOUDRU-AS - _Cloud Technologies_ LLC trading as Cloud.ru, RU",2
4739,"INTERNODE-AS - Internode Pty Ltd, AU",2
719,"ELISA-AS - Elisa Oyj, FI",2
38532,"EXABYTES-AS-AP - Exabytes Network (Singapore) Pte. Ltd., SG",2
12312,"ECOTEL - ecotel communication ag, DE",2
25538,"IN-ULM - Internet Ulm/Neu-Ulm e.V., DE",2
393960,"HOST4GEEKS-LLC - Host4Geeks LLC, US",2
18229,"CTRLS-AS-IN - CtrlS, IN",2
42775,"DSRT-NET - ADWORLDS TECHNOLOGIES LP, GB",2
4983,"INTEL-SC-AS - Intel Corporation, US",2
38927,"NETBUILD-AS - Net-Build GmbH, DE",2
26554,"US-SIGNAL - US Signal Company, L.L.C., US",2
8362,"UNSPECIFIED - NordNet SA, FR",2
44066,"DE-FIRSTCOLO - firstcolo GmbH, DE",2
132056,"SCICUBE-AS - RM B, 2/F 88 KWAI CHEONG ROAD, HK",2
13285,"OPALTELECOM-AS - TalkTalk Communications Limited, GB",2
51559,"NETINTERNET - Netinternet Bilisim Teknolojileri AS, TR",2
11608,"ATG-11608 - Accretive Networks, US",2
58955,"BANGMODENTERPRISE-TH - Bangmod Enterprise Co., Ltd., TH",2
197226,"SPRINT-SDC - _SPRINT_ S.A., PL",2
8308,"NASK-COMMERCIAL - NAUKOWA I AKADEMICKA SIEC KOMPUTEROWA - PANSTWOWY INSTYTUT BADAWCZY, PL",2
137488,"ICEWARP-AS-AP - IceWarp Technologies Pvt. Ltd., IN",2
201682,"LIQUID-WEB-BV - Liquid Web B.V., US",2
16010,"MagticomAS - Magticom Ltd., GE",2
212192,"INTELI-TECH-DEVELOPMENT-SRL - INTELI TECH DEVELOPMENT SRL, RO",2
15435,"KABELFOON - DELTA Fiber Nederland B.V., NL",2
22878,"ASACENET1 - ACENET, INC., US",2
6079,"RCN-AS - RCN, US",2
54913,"CLOUDWEBMANAGE-CANADA - Kamatera, Inc., US",2
10796,"TWC-10796-MIDWEST - Charter Communications Inc, US",2
48348,"cloudbuilders - Cloud Builders SA, ES",2
11320,"LIGHTEDGE-AS-02 - LightEdge Solutions, US",2
26383,"ASNET - Baxet Group Inc., US",2
149068,"INETSOFT-AS-VN - iNET software one member company limited, VN",2
906,"DMIT - DMIT Cloud Services, US",2
198921,"UNIXSTORM-AS - Unix Storm - Michal Gottlieb, PL",2
12552,"GlobalConnect-AS12552 - GlobalConnect AB, SE",2
400384,"HOSTINGS-HOUSE-US - Hostings House, US",2
6730,"SUNRISE - Sunrise GmbH, CH",2
43037,"SEZNAM-CZ - SEZNAM-CZ, CZ",2
150862,"MAYTINHVPSTTT-VN - VPSTTT COMPUTER COMPANY LIMITED, VN",2
29028,"COMPUKOS-AS - DirectVPS B.V., NL",2
153528,"ESL-AS-AP - ExtentIT Solution Limited, BD",2
8888,"XTOM - xTom Pty Ltd, AU",2
48715,"SEFROYEKPARDAZENG-AS - Sefroyek Pardaz Engineering PJSC, IR",2
57269,"DIGI-ES - DIGI SPAIN TELECOM S.A, ES",2
135918,"DVS-AS-VN - VIET DIGITAL TECHNOLOGY LIABILITY COMPANY, VN",2
13839,"P1P3R - Piper Sandler Companies, US",2
199695,"ANYM-NET - PT Anym Network Indonesia, ID",2
20115,"CHARTER-20115 - Charter Communications LLC, US",2
24971,"MASTER-AS - MasterDC s.r.o., CZ",2
210574,"POYRAZ - PH Bilisim Teknolojileri Limited Sirketi, TR",2
60713,"TARRCI-AS - EXEA Sp. z o.o., PL",2
3216,"SOVAM-AS - PJSC _Vimpelcom_, RU",2
136792,"MIMECAST-AS-AP - Mimecast Australia Pty Ltd, AU",2
46887,"CROWNCASTLE-AS46887 - Crown Castle Fiber LLC, US",2
329184,"Host Africa (Pty) Ltd - Host Africa (Pty) Ltd, ZA",2
15456,"INTERNETX-AS - InterNetX GmbH, DE",2
1680,"NV-ASN - Cellcom Fixed Line Communication L.P, IL",2
29550,"SIMPLYTRANSIT - Team Blue Carrier Limited, GB",2
400529,"INFRALY-LLC - Infraly, LLC, US",2
34233,"SUPERIOR-AS - Superior B.V., NL",2
44133,"IPAX-AS - IPAX GmbH, AT",2
6738,"DRI - DRI SAS, FR",2
8447,"A1TELEKOM-AT - A1 Telekom Austria AG, AT",2
14361,"HOPONE-GLOBAL - HopOne Internet Corporation, US",2
13886,"CLOUD-SOUTH - Cloud South, US",2
40065,"CNSERVERS - CNSERVERS LLC, US",2
61173,"GWSN-AS - Green Web Samaneh Novin PJSC, IR",2
213535,"YOTTASRC - YottaSrc, SA",2
203020,"HostRoyale - HostRoyale Technologies Pvt Ltd, IN",2
45187,"RACKSPACE-AP - Rackspace IT Hosting AS IT Hosting Provider Hong Kong, HK",2
43128,"DHH-AS - DHH-AS, SI",2
34282,"UKNOC-AS - Team Blue Carrier Limited, GB",2
395532,"1P-WSS - Web Site Source, US",2
60494,"Unelink - AIRE NETWORKS DEL MEDITERRANEO SL UNIPERSONAL, ES",2
20847,"PREVIDER-AS - Previder B.V., NL",2
54489,"CORESPACE-DAL - CoreSpace, Inc., US",2
50926,"AXARNET-AS - AXARNET COMUNICACIONES, S.L., ES",2
10297,"ENET-2 - eNET Inc., US",2
12392,"ASVOO - Orange Belgium SA, BE",2
150895,"EZTECH-VN - EZ TECHNOLOGY COMPANY LIMITED, VN",2
36884,"Wana Corporate - Wana Corporate, MA",2
201446,"PROFESIONALHOSTING - Soluciones web on line s.l., ES",1
198682,"NETIWAN-AS - Eurofiber France SAS, FR",1
131192,"BDWEBSDOTCOM-AS-AP - BD WEBS DOT COM, BD",1
56740,"DATAHATA-AS - DataHata Ltd, BY",1
49879,"HOSTHANE - Dincer Isik trading as ISIK Bilgisayar Internet ve Yayincilik Hizmetleri, TR",1
5410,"BOUYGTEL-ISP - Bouygues Telecom SA, FR",1
37061,"Safaricom Limited - Safaricom Limited, KE",1
60294,"DE-DGW - Deutsche Glasfaser Wholesale GmbH, DE",1
47066,"PRGMR - prgmr.com, Inc., US",1
56577,"ASRELINK - Relink LTD, RU",1
198846,"TTEN - TTEN TEKNOLOJI A.S., TR",1
932,"XNNET - XNNET LLC, US",1
212219,"HostingDunyam - HOSTING DUNYAM BILISIM TEKNOLOJILERI TICARET LIMITED SIRKETI, TR",1
12616,"HOSTING-MSK - Citytelecom LLC, RU",1
397563,"ADEOXTECH - ADEOX, US",1
12033,"ASN-AT-12033 - Adams TelSystems, Inc., US",1
25563,"WEBLAND-AS - Webland AG, CH",1
11042,"NTHL - NETWORK TRANSIT HOLDINGS LLC, US",1
24611,"DCLUX-AS - Datacenter Luxembourg S.A., LU",1
4685,"ASAHI-NET - Asahi Net, JP",1
44684,"MYTHIC - Mythic Beasts Ltd, GB",1
30215,"AS-CISCOHPS-APAC - Cisco Systems Ironport Division, US",1
39337,"Corpsoft24 - JSC _Corp Soft_, RU",1
40100,"ALURIUM - Alurium Hosting, US",1
13649,"ASN-FLEXENTIAL - Flexential Colorado Corp., US",1
54801,"ZILLION-NETWORK - Zillion Network Inc., US",1
2856,"BT-UK-AS - British Telecommunications PLC, GB",1
34989,"SERVETHEWORLD-AS - ServeTheWorld AS, NO",1
206147,"ch-lo - Banque Lombard Odier & Cie SA, CH",1
12683,"STATEL-AS - PJSC Rostelecom, RU",1
33028,"AS33028 - VEXXHOST, Inc., CA",1
931,"HYONIX - Hyonix, SG",1
135089,"CHINANET-Guangzhou-Southbase-IDC - China Telecom, CN",1
11404,"AS-WAVE-1 - Wave Broadband, US",1
8496,"RU-OPTIBIT - Optizon Ltd, RU",1
9032,"LIDER-RF-DC - Citytelecom LLC, RU",1
204997,"FIRSTBYTE-AS - FIRST SERVER LIMITED, GB",1
8220,"COLT - COLT Technology Services Group Limited, GB",1
203500,"ABEILLE-AS - ABEILLE SARL, FR",1
50020,"RACCOM-AS - CETIN Bulgaria EAD, BG",1
328853,"OXAHOST - OXAHOST, TN",1
25875,"VARIOUS - FriendFinder Networks Inc, US",1
212552,"BitCommand - BitCommand LLC, AM",1
48364,"ACVYSKOV-AS - Radim Pytela trading as AC Vyskov, CZ",1
15694,"ATMAN-ISP-AS - Atman Sp. z o.o., PL",1
37054,"Telecom Malagasy - Telecom Malagasy, MG",1
399195,"PEG-KR - PEG TECH INC, US",1
5404,"conova-as - conova communications GmbH, AT",1
6315,"XMISSION - XMission, L.C., US",1
13188,"TRIOLAN - CONTENT DELIVERY NETWORK LTD, UA",1
38623,"VIETTELCAMBODIA-AS-AP - ISP/IXP IN CAMBODIA WITH THE BEST VERVICE IN THERE., KH",1
20278,"NEXEON - Nexeon Technologies, Inc., US",1
12990,"ONET-PL-AS1 - Ringier Axel Springer Polska Sp. z o.o., PL",1
30823,"AUROLOGIC - aurologic GmbH, DE",1
209824,"GS - Georg Kroeber, DE",1
51920,"vivacom - VIVACOM Magyarorszag Kft, HU",1
44444,"Forcepoint-Cloud-AS - Forcepoint UK Limited, GB",1
21769,"AS-COLOAM - Colocation America Corporation, US",1
49635,"CLOUDING - CLOUDI NEXTGEN SL, ES",1
46562,"PERFORMIVE - Performive LLC, US",1
60357,"MEGAGROUP-AS - Megagroup.ru LLC, RU",1
266400,"AS266400 - Ferenz Networks, BR",1
24989,"EQUINIX-CONNECT-GERMANY - Equinix (Germany) GmbH, DE",1
327693,"Echotel Pty Ltd - Echotel Pty Ltd, ZA",1
36983,"Osiris Trading (PTY) LTD - Osiris Trading (PTY) LTD, ZA",1
10834,"AS10834 - Telefonica de Argentina, AR",1
13737,"AS-INCX - Interconnecx, LLC, US",1
6799,"OTENET-GR - Ote SA (Hellenic Telecommunications Organisation), GR",1
42043,"BertinaTechnologyCompany - Parsian High Tech Company PJSC, IR",1
202269,"BitCommand - BitCommand LLC, AM",1
8987,"AWS-GOVCLOUD - Amazon Data Services Ireland Ltd, IE",1
53302,"BALTIMORECOUNTYGOVERNMENT - Baltimore County Government, US",1
58793,"NIFCLOUD-NET - FUJITSU LIMITED, JP",1
12897,"ENTEGAMEDIANET - ENTEGA Medianet GmbH, DE",1
208483,"WERIDATA-LLC - WERIDATA LLC, US",1
47071,"CHR-SOLUTIONS - CHR SOLUTIONS INC, US",1
216154,"CLODO - CLODO CLOUD SERVICE CO. L.L.C, AE",1
26753,"IN2NET-NETWORK - In2net Network Inc., CA",1
1312,"VA-TECH-AS - Virginia Polytechnic Institute and State Univ., US",1
51855,"NETCOMP - NET COMP Ltd., BG",1
39468,"BIGMIR-INTERNET-AS - LLC _Caprate Partners_, UA",1
3301,"TELIANET-SWEDEN - Telia Company AB, SE",1
1221,"ASN-TELSTRA - Telstra Limited, AU",1
209561,"DVGlobalBV - D&V Global B.V., NL",1
395412,"VS-MEDIA-IPV4 - VS Media Inc., US",1
400596,"ELIXIOR-CLOUD - Technologies Elixior, CA",1
135069,"FEENIX-AS-AP - Feenix Communications Limited, NZ",1
33993,"UFO-AS - UFO Hosting LLC, RU",1
34941,"CYBERCOM-AS - Cygrids Communications AB, SE",1
6698,"virtualsystems - Virtual Systems LLC, UA",1
27323,"SERVERSTADIUM - Wowrack.com, US",1
13627,"AMBYRE - Ambyre LLC, US",1
46652,"SERVERSTACK-ASN - DigitalOcean, LLC, US",1
15317,"SERVEREL-AS - Serverel Inc., US",1
54600,"PEG-SV - PEG TECH INC, US",1
198825,"VERYCLOUD-SAS - VERYCLOUD SAS, FR",1
152992,"DATAONLINE-VN - ONLINE DATA COMPANY LIMITED, VN",1
19108,"SUDDENLINK-COMMUNICATIONS - Optimum, US",1
38766,"BMP-AS-ID - PT. Bumi Merbabu Permai, ID",1
203329,"ESHELTER - NTT Global Data Centers EMEA GmbH, DE",1
31660,"PIXTEL-AS - PIXTEL, FR",1
12657,"BAYCIX - BayCIX GmbH, DE",1
42648,"UPTRADING-AS - Service Provider OBLAKO Kyiv LLC, UA",1
12417,"DHH-AS - Plus Hosting Grupa d.o.o., HR",1
59580,"BATTERFLYAIMEDIA-AS - BATTERFLYAIMEDIA-AS, RU",1
1299,"TWELVE99 - Arelion Sweden AB, SE",1
216058,"Proitlab-AS - Proitlab LLC, AM",1
50132,"WRG-AS - 3nt solutions LLP, GB",1
135450,"IDNIC-BSTI-AS-ID - PT Berkah Solusi Teknologi Informasi, ID",1
15490,"SHANEMCC - Shane Mc Cormack, GB",1
53038,"AS53038 - IDC19 SOLUCOES EM TECNOLOGIA DA INFORMACAO LTDA, BR",1
25091,"IP-Max - IP-Max SA, CH",1
205542,"DATAHAUS - Datahaus GmbH, DE",1
14102,"GTVR - Transvision Reseau Inc., CA",1
55990,"HWCSNET - Huawei Cloud Service data center, CN",1
213791,"XeniaHosting - XeniaGroup SRL, IT",1
4678,"FINE - Canon IT Solutions Inc., JP",1
54643,"IDIGITAL - Idigital Internet Inc., CA",1
395111,"KVCNET-2009 - KVCHOSTING.COM LLC, US",1
35908,"VPLSNET - Krypt Technologies, US",1
21430,"WIA-AS - WIA spol. s.r.o., CZ",1
19842,"COLOSSEUM-ONL - Colosseum Online, Inc., CA",1
14536,"ASN-SOL - sol.net Network Services, US",1
203576,"internetbilisim - Onur Ekren, TR",1
20804,"ASN-TELENERGO - Exatel S.A., PL",1
63989,"DE-CORP - DE-CORP, TH",1
3242,"ASN-ITNET - REEVO S.P.A., IT",1
136557,"HOST-AS-AP - Host Universal Pty Ltd, AU",1
132372,"GBNETWORK-AS-AP - GB Network Solutions Sdn. Bhd., MY",1
203386,"PROMATEC-AS1 - PROMATEC SARL, FR",1
3549,"LVLT-3549 - Level 3 Parent, LLC, US",1
57910,"SCIP-AS - Soluciones Corporativas IP, SL, ES",1
35206,"NOVATREND-AS - NovaTrend Services GmbH, CH",1
48894,"OPTIMUS-AS - Optimus IT d.o.o., SI",1
33494,"IHNET - IHNetworks, LLC, US",1
58593,"BLUECLOUD - Shanghai Blue Cloud Technology Co.,Ltd, CN",1
27640,"GIGASNET-AS - GIGAS HOSTING USA, LLC, US",1
12859,"NL-BIT - BIT BV, NL",1
109,"CISCOSYSTEMS - CISCO SYSTEMS, INC., US",1
15691,"LEONET-AS-IT - UAN COMPANY S.R.L., IT",1
42044,"CENTRALNIC - CentralNic Ltd, GB",1
51621,"infoself - Infoself Sistemes SL, ES",1
14340,"SALESFORCE - Salesforce.com, Inc., US",1
4847,"CNIX-AP - China Networks Inter-Exchange, CN",1
14116,"INFB-AS - Internet Names For Business Inc., CA",1
398146,"EMYPEOPLE - eMyPeople LLC, US",1
216246,"RU-AEZA-AS - Aeza Group LLC, RU",1
4620,"SOLONE-AS-AP - Sol One Anycast Delivery Network, SG",1
201584,"superpay - SUPERPAY TEKNOLOJI ANONIM SIRKETI, TR",1
19850,"GIGAFIBR - GigaFibr Inc, CA",1
5645,"TEKSAVVY - TekSavvy Solutions, Inc., CA",1
42003,"OGERONET - OGERO, LB",1
328364,"Host Africa (Pty) Ltd - Host Africa (Pty) Ltd, ZA",1
42093,"INTERRACKS-AS - InterRacks B.V., NL",1
12637,"SEEWEB - SEEWEB s.r.l., IT",1
20853,"ETOP-AS - eTOP sp. z o.o., PL",1
25956,"LOGIXCOMM-AS4 - Logix, US",1
214882,"ArenHost - Hadi Santosa, ID",1
6372,"DCANET - DCANet, US",1
200962,"citicom - LLC Citicom Systems, KZ",1
30455,"HOSTVENOM-LLC - HostVenom LLC, US",1
33695,"SCALEMATRIX - ScaleMatrix, US",1
15022,"Adept Internet (Pty) Ltd CT - Adept Internet (Pty) Ltd CT, ZA",1
140641,"YOTTA - YOTTA NETWORK SERVICES PRIVATE LIMITED, IN",1
12338,"EUSKALTEL - Euskaltel S.A., ES",1
215481,"FLEXYNODE-AS - Bram de Graaf trading as FlexyNode, NL",1
11579,"LANLINE - LANline Communications Inc, US",1
48271,"CITY-TELECOM-AS - CJSC _TELECOMMUNICATIONS COMPANY _DUN_, KG",1
40926,"SURFAIRWIRELESS-IL-01 - Surf Air Wireless, LLC, US",1
42708,"GLESYS - Glesys AB, SE",1
55615,"DUZONBIZON-AS-KR-KR - DOUZONEBIZON, KR",1
28229,"AS28229 - HARDONLINE LTDA, BR",1
47242,"HOST-SPA - Host SpA, IT",1
41436,"CloudWebManage-EU - Kamatera Inc, US",1
10753,"LUMEN-LEGACY-L3-CUSTOMER-SHARED-USE - Level 3 Parent, LLC, US",1
13446,"AS-NETZERO - Netzero,INC., US",1
21899,"ABBOTT - Abbott Laboratories, US",1
44273,"GODADDY-DNS - Host Europe GmbH, DE",1
25560,"RHTEC-AS - rh-tec Business GmbH, DE",1
213657,"VPS-COM-TR---HOSTAVRUPA-NET - HZD TEKNOLOJI VE INOVASYON SAN. VE TIC. LTD. STI., TR",1
212441,"CLOUDASSETS - Cloud assets LLC, RU",1
215341,"Host-On - Host-On Service Provider GmbH, DE",1
32977,"CBSITE-CHI-WEB - CareerBuilder, LLC, US",1
15566,"Infotechna - Infotechna Ltd., HU",1
62240,"Clouvider - Clouvider Limited, GB",1
47223,"LukMAN - Lukman Multimedia Sp. z o.o, PL",1
41508,"PL-IWACOM-AS - ZINET.NET.PL Sp. z.o.o., PL",1
202613,"ARUBAFIBRA-ASN - Aruba S.p.A., IT",1
20677,"IMOS-AS - imos Gesellschaft fuer Internet-Marketing und Online-Services mbH, DE",1
21056,"ASN-WELCOMEITALIA - Vianova S.p.A, IT",1
53264,"SBAEDGE-603 - SBA Edge, LLC, US",1
135161,"GMO-Z-COM-TH - GMO-Z com NetDesign Holdings Co., Ltd., JP",1
215391,"HOSTABIL - CAFER ESER, TR",1
47217,"PLANETEL-SPA - Planetel SPA, IT",1
8069,"MICROSOFT-CORP-MSN-AS-BLOCK - Microsoft Corporation, US",1
44901,"belcloud - Belcloud LTD, BG",1
10367,"FIBERCAST - Fibercast Corporation, US",1
10066,"GAYANET-AS-KR-KR - LG HelloVision Corp., KR",1
136170,"EXBCOID-AS-AP - PT. EXABYTES NETWORK INDONESIA, ID",1
38195,"SUPERLOOP-AS-AP - Superloop, AU",1
216063,"TWENTYFOURFIRE - 24fire GmbH, DE",1
135983,"TINO-AS-VN - Tino Group Joint Stock Company, VN",1
31252,"STARNET-AS - StarNet Solutii SRL, MD",1
59135,"IDNIC-SDK-AS-ID - PT Suraloka Digital Kreatif, ID",1
40395,"VIRTBIZ-DALLAS - VIRTBIZ Internet Services, US",1
210699,"WEDEPLOY-SAS - WEDEPLOY SAS, FR",1
39238,"OKBPROGRESS - OKB PROGRESS LLC, RU",1
9416,"MULTIMEDIA-AS-AP - Hoshin Multimedia Center Inc., TW",1
11184,"EG-USEAST - EXPEDIA, INC, US",1
3255,"UARNET-AS - LLC EKSINTECH, UA",1
9930,"TTNET-MY - TIME dotCom Berhad No. 14, Jalan Majistret U1/26 Hicom Glenmarie Industrial Park 40150 Shah Alam Selangor, Malaysia, MY",1
12578,"APOLLO-AS - SIA Tet, LV",1
17506,"UCOM - ARTERIA Networks Corporation, JP",1
1856,"DISN-PILOTNET2 - RTX BBN Technologies, Inc., US",1
23720,"RMNI-AS-AP - Rakuten Mobile Network, Inc., JP",1
208185,"NETGATE-SOLUTION-AS - Net Gate Telecom S.R.L., RO",1
13706,"COMPLETEWEBNET - CompleteWeb.Net LLC, US",1
45538,"ODSJSC-AS-VN - ODS Joint Stock Company, VN",1
51973,"KOLT-AS - Koltushsky Internet Ltd, RU",1
48115,"DGM-AS - DGM EOOD, BG",1
396948,"CLOUDWEBMANAGE-SC - Kamatera, Inc., US",1
28009,"AS28009 - Davitel S.A., AR",1
34922,"NETNAMES - CSC Administrative Services Limited, GB",1
211851,"WEB9-YAZILIM-BILISIM-HIZMETLERI - SECKIN CAN CELENK trading as RODOS MEDYA, TR",1
4906,"FDS-01 - Frontline Communications, US",1
8893,"ARTFILES-AS - Artfiles New Media GmbH, DE",1
42964,"SIGMANET-HU-AS - SigmaNet Szolgaltato es Kereskedelm Ltd, HU",1
40438,"CANHOST-INC - Canhost Inc., CA",1
199752,"Go-Trex - Go-Trex Holding BV, NL",1
50241,"UNITTEL-AS - Unittel Ltd, RU",1
53356,"FREE RANGE CLOUD - Free Range Cloud Hosting Inc., CA",1
36856,"MOZILLA-MDC1 - Mozilla Corporation, US",1
30058,"FDCSERVERS - FDCservers.net, US",1
55803,"HOSTOPIA-AU - Hostopia Australia Web Pty Ltd, AU",1
200924,"sis2 - Stiegeler Internet Service GmbH, DE",1
140388,"IDNIC-GARISWAKTU-AS-ID - PT. Garis Waktu Kita, ID",1
131536,"SHGWBNNET - Shanghai Great Wall Broadband Network Service Co., Ltd., CN",1
212613,"GWN24 - Gemeindewerke Nuembrecht GmbH, DE",1
198550,"nodehost-as - NODE HOST LIMITED, GB",1
209658,"MEOHOST - MEOHOST VERI MERKEZI ve YAZILIM TICARET LIMITED SIRKETI, TR",1
7643,"VNPT-AS-VN - Vietnam Posts and Telecommunications (VNPT), VN",1
24679,"SSERV-AS - kyberio GmbH, DE",1
395584,"PDC-BGP - Data Management, US",1
138995,"ANTBOX1-AS-AP - Antbox Networks Limited, HK",1
1101,"IP-EEND-AS - SURF B.V., NL",1
62212,"EE - SmartApe OU, EE",1
2860,"NOS_COMUNICACOES - NOS COMUNICACOES, S.A., PT",1
270353,"AS270353 - Tyna Host - Datacenter no Brasil, BR",1
204957,"GREENFLOID-AS - GREEN FLOID LLC, US",1
328442,"United SA - United SA, CD",1
24768,"ALMOUROLTEC - ALMOUROLTEC SERVICOS DE INFORMATICA E INTERNET LDA, PT",1
25255,"H3G-Austria-AS - Hutchison Drei Austria GmbH, AT",1
4713,"OCN - NTT DOCOMO BUSINESS,Inc., JP",1
45382,"EHOSTIDC-AS-KR-KR - Hostcenter, KR",1
60602,"INOVARE-AS - Inovare-Prim SRL, MD",1
61272,"IST-AS - Informacines sistemos ir technologijos, UAB, LT",1
197922,"TECHCREA-SOLUTIONS - Techcrea Solutions SAS, FR",1
13045,"HTP-AS - htp GmbH, DE",1
63199,"CDSC-AS1 - CDS Global Cloud Co., Ltd, US",1
19853,"ORANGEHOST - OrangeHost, US",1
35592,"COOLHOUSING-AS - COOLHOUSING-AS, CZ",1
61154,"INTEGRADESIGN - IDHosting Sp. z o. o., PL",1
207471,"SOKOLHOSTING - Sokol Media LTD, BA",1
23655,"TWODEGREES-NZ-AS - 2degrees Networks Limited, NZ",1
197726,"UKRNAMES-AS - Ukrainian Internet Names Center LTD, UA",1
12167,"LIGHTWAVE-DALLAS - LightWave Networks, US",1
24282,"KIR - KAGOYA JAPAN Inc., JP",1
400226,"STORMYCLOUDINC - StormyCloud Inc, US",1
28812,"JSCBIS-AS, RU",1
211611,"eximhost - Exim Host SRL, RO",1
15657,"SPEEDBONE-AS - Speedbone Internet & Connectivity GmbH, DE",1
35041,"NET-BINERO-STHLM1 - Binero AB, SE",1
9790,"TWO-DEGREES-AS-AP - Two Degrees Networks Limited, NZ",1
36493,"295CA-TOR-ASN - FIBERNETICS CORPORATION, CA",1
150493,"IDNIC-PGSS-AS-ID - PT Gunung Sedayu Sentosa, ID",1
48108,"VIRTUALDC - Dmitrii Vladimirovich Malkov, RU",1
11052,"IHC-NET - Intermountain Health Care, Inc., US",1
11492,"CABLEONE - CABLE ONE, INC., US",1
4808,"CHINA169-BJ - China Unicom Beijing Province Network, CN",1
34689,"hosteroid - Castlegem SRL, RO",1
395954,"LEASEWEB-USA-LAX - Leaseweb USA, Inc., US",1
206264,"AMARUTU-TECHNOLOGY - Amarutu Technology Ltd, SC",1
38424,"KCT-AS-KR-KR - KOREA CABLE TELECOM, KR",1
43362,"MAJORDOMO - Hosting Ltd, RU",1
34310,"PENTANET-AS - Penta SA, CH",1
35382,"GLESYS-FI-2 - Glesys AB, SE",1
147124,"IDNIC-HOSTINGAN-AS-ID - PT Hostingan Awan Indonesia, ID",1
24532,"INET-AS-ID - PT. Inet Global Indo, ID",1
135360,"ARGONDATANETWORK-AS-AP - Argon Data Network, ID",1
61493,"AS61493 - InterBS S.R.L. (BAEHOST), AR",1
7385,"ABUL-14-7385 - Allstream Business US, LLC, US",1
4788,"TTSSB-MY - TM TECHNOLOGY SERVICES SDN. BHD., MY",1
210579,"RACKHOST-AS - Rackhost Zrt., HU",1
56876,"GPORTAL - Ociris GmbH, DE",1
210767,"linkhost - Link Host Ltd., GB",1
398019,"DYNU - Dynu Systems Incorporated, US",1
8492,"OBIT-AS - _OBIT_ Ltd., RU",1
30943,"BIGWEB-AS - ZAO Web Hosting, RU",1
200534,"mserwis-as - DOMENY.TV MSERWIS Sp. z o. o., PL",1
3352,"Telefonica_de_EspaNa - TELEFONICA DE ESPANA S.A.U., ES",1
29691,"NINE - Nine Internet Solutions AG, CH",1
215567,"NETVAY - Berk Ermis, TR",1
216244,"DataTR - Omur Akgun trading as Data TR Bilisim Teknoloji Hizmetleri, TR",1
214138,"host-zentrum - Julian Kempf trading as Host-Zentrum, DE",1
30900,"WEBWORLD-AS - Sternforth Ltd. trading as WebWorld, IE",1
41075,"ATW-AS - ATW Internet Kft., HU",1
38256,"NATIONAL-ROUTE-BD-MHK - Bengal Group Ltd. Nationwide Internet Service Provider, Bangladesh., BD",1
51540,"DALNET-ASN - DAL Bilgi Teknolojileri ve Bilisim Sistemleri Ticaret A.S., TR",1
26875,"HBT-AS-01 - Heartland Bank and Trust Company, US",1
49581,"TUBE-HOSTING - Ferdinand Zink trading as Tube-Hosting, DE",1
8015,"US-SIGNAL-MN01 - US Signal Company, L.L.C., US",1
134928,"SPIDERLINK-AS - Spiderlink Networks Pvt Ltd, IN",1
149125,"DV4S-VN - 4S TECHNOLOGY TRADING SERVICES COMPANY LIMITED, VN",1
17264,"CERNER-COM - Cerner Corporation, US",1
205544,"LEASEWEB-UK-LON-11 - Leaseweb UK Limited, GB",1
2635,"AUTOMATTIC - Automattic, Inc, US",1
9794,"DNET-ID-AP - PT. Core Mediatech (D-NET), ID",1
51964,"ORANGE-BUSINESS-SERVICES-IPSN-ASN - ORANGE BUSINESS SERVICES U.S. Inc., US",1
25653,"FORTRESSITX - FortressITX, US",1
25657,"BASECAMP - Basecamp, LLC, US",1
395839,"HOSTKEY-USA - HOSTKEY, US",1
21965,"HIGHMARK - Highmark Inc, US",1
58003,"PLANEETTA-AS - Planeetta Internet Oy, FI",1
56582,"NETFACTOR-ASN - Netfactor Telekominikasyon ve Teknoloji Hizmetleri San. ve Tic. A.S., TR",1
4771,"SPARKNZ - Spark New Zealand Trading Ltd., NZ",1
58779,"I4HKLIMITED-AS - i4HK Limited, HK",1
24085,"QTSC-AS-VN - Quang Trung Software City Development Company, VN",1
4760,"HKTIMS-AP - HKT Limited, HK",1
209853,"VERIDYEN - Veridyen Bilisim Teknolojileri Sanayi ve Ticaret Limited Sirketi, TR",1
136907,"HWCLOUDS-AS-AP - HUAWEI CLOUDS, HK",1
38482,"BIZNET2-AS-ID - Biznet ISP, ID",1
149580,"NPL-AS-IN - Nettigritty Private Limited, IN",1
29682,"LBANK-DE-KA-AS - Landeskreditbank Baden-Wuerttemberg - Foerderbank, DE",1
60187,"LGFL-AS - London Grid for Learning Trust, GB",1
4680,"MIND - Mitsubishi Electric Information Network Corporation, JP",1
60131,"HIGH5-NL - High5! B.V., NL",1
16556,"TOTALCHOICE-HOSTING - TotalChoice Hosting, LLC, US",1
4648,"SPARK-NZ - Global-Gateway Internet, NZ",1
33322,"NDCHOST - Network Data Center Host, Inc., US",1
31204,"SunCommunications-AS - ORANGE MOLDOVA S.A., MD",1
208425,"YONCU - Osbil Technology Ltd., CY",1
50941,"VARGONEN - Eclit Bilisim Hizmetleri A.S, TR",1
206402,"ORION - Orion Innovation AG, CH",1
53107,"AS53107 - EVEO S.A., BR",1
199724,"TEKNODC - TeknoDC Bilisim Teknolojileri A.S., TR",1
38244,"VINAGAME-AS-VN - VNG Corporation, VN",1
29205,"VERCOM - VERCOM S.A., PL",1
15164,"UPNLLC - Unite Private Networks LLC., US",1
58212,"DATAFOREST - dataforest GmbH, DE",1
16138,"INTERIAPL - Interia.pl Sp z.o.o., PL",1
8304,"ECRITEL-FRANCE - Ecritel SASU, FR",1
26134,"BROAD-RUN-BORDER-AS - VeriSign Infrastructure & Operations, US",1
54380,"THOUGHTWAVE - ThoughtWave Technologies, Inc., US",1
395344,"IVANTI-BD - Ivanti, Inc., US",1
41733,"ZTELECOM-AS - JSC _ER-Telecom Holding_, RU",1
200904,"FOXCLOUD - FOXCLOUD LLP, GB",1
18106,"VIEWQWEST-SG-AP - Viewqwest Pte Ltd, SG",1
21777,"MASSIVE-NETWORKS-21777 - Massive Networks, Inc., US",1
5049,"MORGAN-ASN - Morgan Stanley Group Inc., US",1
27898,"AS27898 - Redynet SRL, AR",1
61046,"HZ-UK-AS - HZ Hosting Ltd, BG",1
24186,"RAILTEL-AS-IN - RailTel Corporation of India Ltd, IN",1
34267,"DEBRYANSK-AS-1 - PJSC Rostelecom, RU",1
16973,"AS16973 - T-Four Services S.A, CR",1
34042,"MTTELECOM-AS - MT-Telecom LLC, RU",1
47890,"UNMANAGED-DEDICATED-SERVERS - UNMANAGED LTD, GB",1
35473,"MTSNET-URAL-AS - MTS PJSC, RU",1
35387,"SYNERGY-AS - Synergy University, RU",1
25148,"BASEFARM-ASN - Orange Business Digital Norway AS, NO",1
62048,"ACAI - Avini cultural and Art Institute, IR",1
201928,"AsNetiyi - NETIYI TELEKOMUNIKASYON INTERNET. BILG. HIZ. TIC. SAN. LTD. STI., TR",1
393653,"WIZ1 - Wizard Tower Techno Services, CA",1
62468,"HKCLOUDX - VpsQuan L.L.C., US",1
13428,"SURFAIRWIRELESS-IN-02 - Surf Air Wireless, LLC, US",1
20773,"GODADDY - Host Europe GmbH, DE",1
18854,"RADWEB-NA-01 - RadWeb, LLC, US",1
22768,"SYNERGYBROADBAND-MI-02 - SYNERGY BROADBAND, US",1
200740,"FIRST-SERVER-EU-AS - FIRST SERVER LIMITED, GB",1
12660,"SHARIF-EDU-NET - Sharif University Of Technology, IR",1
49683,"MASSIVEGRID - MASSIVEGRID LTD, GB",1
36007,"KAMATERA - Kamatera, Inc., US",1
141757,"ZJC-AS-AP - Zoho Japan Corporation, JP",1
49824,"ACTPA-AS - PC _Astra-net_, UA",1
2711,"SPIRITTEL-AS - Spirit Communications, US",1
23824,"FUTURE - Future Spirits Co.,Ltd., JP",1
1955,"HBONE-AS - KIFU (Governmental Info Tech Development Agency), HU",1
12989,"BlackHOST - Black HOST Ltd, CA",1
20647,"IPB - IPB Internet Provider in Berlin GmbH, DE",1
20055,"AS-WHOLESAIL - Wholesail networks LLC, US",1
139021,"WEST263GO-HK - West263 International Limited, HK",1
39134,"UNITEDNET - EDINAYA SET LIMITED LIABILITY COMPANY, RU",1
210294,"ukrdomen - Private company _Ukrainian hosting_, UA",1
13414,"TWITTER - Twitter Inc., US",1
49188,"Three-A-Hub - Three A Hub EOOD, BG",1
15830,"Equinix - Equinix (EMEA) Acquisition Enterprises B.V., NL",1
62005,"BV-EU-AS - BlueVPS OU, EE",1
55933,"CLOUDIE-AS-AP - Cloudie Limited, HK",1
46636,"NATCOWEB - NatCoWeb Corp., US",1
57568,"TR_Arvancloud - ARVANCLOUD GLOBAL TECHNOLOGIES L.L.C, AE",1
11115,"ONLINE-TECH-LLC - Otava, LLC, US",1
7258,"CATALOG-AS7258 - Webhero, Inc., US",1
41541,"SWHO-AS - SWHO-AS, ES",1
48371,"WestLan-as - Westlan LTD, RU",1
62633,"SERVERDIME-SERVERCHEAP-HOSTRUSH - HostRush, US",1
29686,"PROBENETWORKS-AS - Jonas Frey trading as Probe Networks, DE",1
202602,"GreenCloud - Greencloud LLC, VN",1
14589,"DIGITALWEST-AS - Wave Broadband, US",1
9115,"INFB-AS9115 - Hostpapa UK Ltd., GB",1
46050,"JOGJACAMP-AS-ID - PT JC Indonesia, ID",1
138358,"PURPLEITLTD-AS-AP - Purple IT Ltd, BD",1
2280,"OCBHoney - Orange S.A., FR",1
3215,"AS3215 - Orange S.A., FR",1
28573,"AS28573 - Claro NXT Telecomunicacoes Ltda, BR",1
48678,"TR-PENTECH-AS - Pentech Bilisim Teknolojileri Sanayi Ve Ticaret Limited Sirketi, TR",1
24806,"INTERNET-CZ - INTERNET CZ, a.s., CZ",1
211567,"Bitwise - Bitwise Yazilim Internet Ve Ticaret Limited Sirketi, TR",1
396190,"LEASEWEB-USA-SEA - Leaseweb USA, Inc., US",1
61112,"AkileCloud - AKILE LTD, GB",1
6389,"BELLSOUTH-NET-BLK - AT&T Enterprises, LLC, US",1
6848,"TELENET-AS - Telenet BV, BE",1
150961,"IDNIC-KLIKPAS-ID - PT. Pandeglang Akses Semesta, ID",1
9657,"MELSANET-ID-AP - Melsa-i-net AS, ID",1
64161,"AS64161 - GRUPO ZGH SPA, CL",1
6128,"CABLE-NET-1 - Cablevision Systems Corp., US",1
209242,"CLOUDFLARESPECTRUM - Cloudflare London, LLC, US",1
40034,"CONFLUENCE-NETWORK-INC - Confluence Networks Inc, VG",1
44927,"Telecom-MPK - LLC Telecom MPK, RU",1
132827,"GATEWAY-AS-AP - GATEWAY INC, JP",1
273612,"AS273612 - FABWEB SERVICOS DE INTERNET LTDA, BR",1
44382,"WhiteLabel - Fiba Cloud Operation Company, LLC, US",1
201094,"gmhost - Mulgin Alexander Sergeevich, UA",1
27176,"DATAWAGON - DataWagon LLC, US",1
15924,"BORUSANTELEKOM-AS - Vodafone Net Iletisim Hizmetler AS, TR",1
56958,"RaiolaNetworks - Raiola Networks S.L., ES",1
63737,"VIETSERVER-AS-VN - VIETSERVER SERVICES TECHNOLOGY COMPANY LIMITED, VN",1
213038,"DREAMVPS - DREAM VPS LTD, IL",1
59281,"SKINET-AS-ID - PT Sumber Koneksi Indonesia, ID",1
59943,"LEVEL27-AS - Level 27 BVBA, BE",1
46318,"TECHOPS-ASN-4 - Live Nation Entertainment, Inc., US",1
31708,"COREIX-UK-AS - Coreix Ltd, GB",1
41000,"Freethought-AS - Freethought Internet Limited, GB",1
35769,"GPNS - LIMITED LIABILITY COMPANY _GAZPROM NEFTEKHIM SALAVAT_, RU",1
135951,"WEBICO-AS-VN - Webico Company Limited, VN",1
328471,"HERO TELECOMS (PTY) LTD - HERO TELECOMS (PTY) LTD, ZA",1
35415,"WEBZILLA - Webzilla B.V., NL",1
20811,"BRENNERCOM-AS - Retelit Digital Services S.p.A., IT",1
15083,"INFOLINK-MIA-US - Infolink Global Corporation, US",1
14268,"ASNCSL - Northern Computer Solutions Ltd., CA",1
37235,"Mimecast South Africa - Mimecast South Africa, ZA",1
207181,"rnitelco - Riviera Networks Inc SAS, FR",1
30962,"COMTRANCE-AS - comtrance service GmbH, DE",1
35661,"VIRTUASYS-EU - VIRTUA SYSTEMS SAS, FR",1
207590,"LOCLIXIT-AS - Matteo Filiberto Sciacca trading as LocLix, IT",1
43865,"INTEK-M-AS - Intek-M LLC, RU",1
263108,"AS263108 - OPANET TELECOMUNICACOES LTDA - ME, BR",1
50448,"SYSTEM-SERVICE-AS - System Service Ltd., RU",1
399522,"TP - The Producers, Inc., US",1
197071,"ACTIVE-SERVERS - active 1 GmbH, DE",1
211494,"NARAYANA - Narayana OU, EE",1
21782,"PLATEAU - Plateau Telecommunications Incorporated, US",1
8823,"AutonomousSystemRockensteinAG - Rockenstein AG, DE",1
19969,"JOESDATACENTER - CyberCloud Professionals LLC, US",1
208972,"gibirnet-tr - GIBIRNET ILETISIM HIZMETLERI SANAYI VE TICARET LIMITED SIRKETI, TR",1
12831,"TASK-AS - Technical University of Gdansk, Academic Computer Center TASK, PL",1
131111,"CEPATNET-AS-ID - PT Mora Telematika Indonesia, ID",1
26971,,1
6619,"SAMSUNGSDS-AS-KR-KR - SamsungSDS Inc., KR",1
151704,"BHARATDC-AS - BHARAT DATACENTER, IN",1
147194,"DEVCHAND-AS-AP - DEVCHAND TELESOFT, IN",1
41722,"MIRAN-AS - Miran Ltd., RU",1
51026,"MobinhostInfrastructure - Dade Pardazi Mobinhost Co LTD, IR",1
6700,"BEOTEL-AS - TELEKOM SRBIJA a.d., RS",1
209737,"AS209737 - Meric Internet Teknolojileri A.S., TR",1
202042,"SKROUTZ-GR - Skroutz Internet Services S.A., GR",1
7162,"AS7162 - Universo Online S.A., BR",1
15430,"UNSPECIFIED - European Dynamics S.A., GR",1
7055,"QIS - Quantum Internet Services, Inc., US",1
36103,"CENTRALUTAH - Central Utah Telephone, Inc., US",1
199558,"medpa-as - MEDIA PARTNERS SIA, LV",1
58305,"SYN-US - SYN LTD, GB",1
16839,"SNC - SERVICENOW, INC., US",1
64286,"LOGICWEB - LogicWeb Inc., US",1
59441,"Hostiran-Network - NOAVARAN SHABAKEH SABZ MEHREGAN (Ltd.), IR",1
40028,"AS40028 - 1651884 Ontario Inc., CA",1
27446,"AS-ERCBB - ERC Broadband, US",1
37105,"RAIN GROUP HOLDINGS (PTY) LTD - RAIN GROUP HOLDINGS (PTY) LTD, ZA",1
19122,"ESTRUXTURE-ON-19122 - eStruxture Data Centers Inc., CA",1
263702,"AS263702 - GRUPO ZGH SPA, CL",1
15576,"NTS - NTS workspace AG, CH",1
58010,"UVENSYS - uvensys GmbH, DE",1
8926,"MOLDTELECOM-AS - Moldtelecom SA, MD",1
13917,"CORPWEST - Corporate West Computer Systems, Inc., US",1
201206,"LINEVAST - Droptop GmbH, DE",1
3303,"SWISSCOM - Swisscom (Schweiz) AG, CH",1
42352,"QOS - TOV _Dream Line Holding_, UA",1
34086,"SCZN-AS - T-Systems International GmbH, DE",1
16942,"CITIZENS - Citizens Telephone Cooperative, US",1
17623,"CNCGROUP-SZ - China Unicom Shenzen network, CN",1
47253,"AS-BNETSET - BCI Telecommunication & Advanced Technology Company, PS",1
29648,"COMLINE-AS - PJSC MegaFon, RU",1
28343,"AS28343 - UNIFIQUE TELECOMUNICACOES S/A, BR",1
262287,"AS262287 - Latitude.sh LTDA, BR",1
395173,"AS-TCCL-18 - Tuckersmith Communications Co-Operative Limited, CA",1
42422,"SECURITYNET-AS - SecurityNet.cz s.r.o., CZ",1
12843,"TELEMAXX - TelemaxX Telekommunikation GmbH, DE",1
38283,"CHINANET-SCIDC-AS-AP - CHINANET SiChuan Telecom Internet Data Center, CN",1
14446,"CNT-ASN - Central Newspapers Technologies Inc., US",1
47655,"LINKINTEL - LINKINTEL, RU",1
60976,"POL - Parsan Lin Co. PJS, IR",1
60087,"ASSUPERNOVA - Netsons s.r.l., IT",1
6697,"BELPAK-AS - Republican Unitary Telecommunication Enterprise Beltelecom, BY",1
31641,"ATLAS-COMMUNICATIONS-AS - Atlas Communications (NI) Ltd, GB",1
45671,"AS45671-NET-AU - Wholesale Services Provider, AU",1
56320,"VIKING-AS - VIKING SRL, IT",1
38750,"TDS-AS-ID - Telemedia Dinamika Sarana, PT, ID",1
51311,"ASNS - Noisy Stream Oy, FI",1
9299,"IPG-AS-AP - Philippine Long Distance Telephone Company, PH",1
35805,"SILKNET-AS - SILKNET-AS, GE",1
60913,"UR-AS - JSC TD ERA, RU",1
56643,"uzaknet - Uzak Yazilim Ve Bilisim Sistemleri Tic. Ltd. Sti, TR",1
196713,"ABANSYS_AND_HOSTYTEC-AS - Abansys & Hostytec, S.L., ES",1
29757,"WEBLINE19 - Webline Services Inc, US",1
3147,"US-BANCORP - U.S. BANCORP, US",1
3243,"MEO-RESIDENCIAL - MEO - SERVICOS DE COMUNICACOES E MULTIMEDIA S.A., PT",1
197155,"ARTNET - Artnet Sp. z o.o., PL",1
206216,"ADVIN-AS - Advin Services LLC, US",1
141892,"IDNIC-SENGKED-AS-ID - CV Andhika Pratama Sanggoro, ID",1
401479,"DBM-ASN-KC - Database Mart LLC, US",1
150055,"DIGISNAP-AS-IN - DIGITAL SNAP, IN",1
153416,"DTDMVNCLOUD-VN - Hoang Dieu Cloud Computing Company Limited, VN",1
53767,"ICASTCENTER - iCastCenter, US",1
3491,"PCCWG-APAC-HK - PCCW Global (HK) Ltd., HK",1
131414,"LVSOFT-AS-VN - Long Van Soft Solution JSC, VN",1
32400,"HWSERVICES-32400 - Ntirety, Inc., US",1
394303,"BIGSCOOTS - BigScoots, US",1
206996,"zap-hosting - ZAP-Hosting GmbH, DE",1
135967,"BKNS-AS-VN - Bach Kim Network solutions Join stock company, VN",1
30870,"TRANS-IX-AS - Trans-iX B.V., NL",1
36473,"CONTE-25-BLA-RST - Contegix, US",1
329278,"Truehost Cloud Limited - Truehost Cloud Limited, KE",1
197204,"Telemaks - TeleMaks Ltd, RU",1
21350,"INTERSPACE-AS - Interspace Ltd., IL",1
35326,"SUVAN-NET - _SUVAN NET_ LLC, UZ",1
8193,"BRM-AS - _Uzbektelekom_ Joint Stock Company, UZ",1
197769,"VPSDEDICATED-AS - VPS Dedicated LLC, US",1
200651,"FlokiNET - FlokiNET ehf, IS",1
38224,"Rediff-AS - Rediff.com India Limited,, IN",1
61297,"DATACENTER-UA - Ante Mediam LLC, UA",1
213495,"SERVITRO-LTD - SERVITRO LTD, GB",1
47381,"SERVERGARDEN-AS - Servergarden Kft., HU",1
136412,"TSI-AS-AP - Titan System Integration Sdn Bhd, MY",1
43727,"KVANT-TELECOM - JSC KVANT-TELEKOM, RU",1
201901,"TMP-Networks - TMP-SYSTEM-SERVICE GmbH, DE",1
59827,"Futureweb-AS - Futureweb BVBA, BE",1
55106,"DATACATE-AS1 - Datacate Inc., US",1
141294,"M21IDC-AS - M21 Data Center, IN",1
45194,"SIPL-AS - Syscon Infoway Pvt. Ltd., IN",1
47989,"MOSINFOCOM-AS - Mosinfocom Llc, RU",1
200548,"WEBHOSTER - webhoster.de AG, DE",1
4618,"INET-TH-AS - Internet Thailand Company Limited, TH",1
42612,"DINAHOSTING-AS - DinaHosting S.L., ES",1
52968,"AS52968 - TECMIDIAWEB LTDA, BR",1
12129,"123NET - 123.Net, Inc., US",1
36488,"SWA-INET - Southwest Airlines Co., US",1
44592,"SkyLink - SkyLink Data Center BV, NL",1
40618,"SESAME - Sesame Workshop, US",1
19133,"BIRD-HOSTING - Bird Hosting Inc., US",1
27725,"AS27725 - Empresa de Telecomunicaciones de Cuba, S.A., CU",1
45544,"SUPERDATA-AS-VN - SUPERDATA-VN, VN",1
12794,"AKNET-AKBANK - AKBANK TAS, TR",1
39912,"i3B-AS - oja.at GmbH, AT",1
207083,"HostSlim-Global-Network - HOSTSLIM OU, EE",1
29527,"ASTUTIUM-AS - Astutium Limited, GB",1
18865,"AS-INTUIX - Intuix LLC, US",1
852,"ASN852 - TELUS Communications Inc., CA",1
22489,"DATABANK-CASTLEACCESS - Castle Access Inc, US",1
7029,"WINDSTREAM - Windstream Communications LLC, US",1
204548,"CLOUDWEBMANAGE-IL-FR - Kamatera Inc, US",1
47311,"RIPE-ATHARVA-AS-ID - PT Atharva Telematika Persada, ID",1
328037,"Optify Systems (Pty) Ltd - Optify Systems (Pty) Ltd, ZA",1
20655,"e-StyleISP-AS - e-Style ISP LLC, RU",1
49334,"SH-COM-TR - SH ONLINE ILETISIM ANONIM SIRKETI, TR",1
41966,"Skynet - Skynet sp. z o.o., PL",1
15626,"GF-UA - GREEN FLOID LLC, US",1
208475,"nrg - NRG Evolution srl, RO",1
19148,"LEASEWEB-USA-PHX - Leaseweb USA, Inc., US",1
265262,"AS265262 - Skymail Servicos de Computacao e Provimento de Inf, BR",1
34984,"TELLCOM-AS - Superonline Iletisim Hizmetleri A.S., TR",1
49447,"NICEIT - Nice IT Services Group Inc., DM",1
6849,"UKRTELNET - JSC _Ukrtelecom_, UA",1
214986,"ASNERI1 - ENERI CLOUD SISTEMAS, SL, ES",1
396362,"LEASEWEB-USA-NYC - Leaseweb USA, Inc., US",1
5048,"FIBER - FIBERNET Corp., US",1
41980,"WEBBKONSULTERNA-AS - Webbkonsulterna i Jamtland AB, SE",1
40509,"FLY - Fly.io, Inc., US",1
39927,"Elight-AS - E-Light-Telecom Ltd., RU",1
200239,"BOGAHOST - Bogahost Bilisim ve Telekomunikasyon Hiz San ve Tic. Ltd. Sti, TR",1
40800,"VEEAM-US - VEEAM SOFTWARE CORPORATION, US",1
13977,"CTELCO - Fidium, US",1
35745,"PROVECTOR-AS - Provector Sp. z o.o, PL",1
13380,"ASN-CUST - Zix Corporation, US",1
213250,"ITP-SOLUTIONS - Dominic Scholz trading as ITP-Solutions GmbH & Co. KG, DE",1
11971,"PFIZERNET-GROTON - Pfizer Inc., US",1
210329,"CloudWebManage-UK-1 - Kamatera Inc, US",1
12579,"UNSPECIFIED - Xenologics Networks & Communications GmbH, DE",1
24955,"UBN-AS - JSC _Ufanet_, RU",1
53289,"DATAMOCO - Data Moving Company, US",1
42655,"BESTHOSTING-AS - ON-LINE Ltd, UA",1
10032,"HGC-AS-AP - BDX DC Services (HK) Limited, HK",1
39572,"ADVANCEDHOSTERS-AS - DataWeb Global Group B.V., NL",1
50245,"SERVEREL-AS - Serverel Inc., US",1
23816,"YAHOO - LY Corporation, JP",1
206791,"SBY-Telecom-AS - Slobozhenyuk B.Y. PE, UA",1
31078,"NETWORKTOWN-AS - Alexej Senderkin, DE",1
38320,"MMS-AS-ID - PT Maxindo Mitra Solusi, ID",1
154177,"LIGHT4-AS-AP - LIGHT NODE LIMITED, HK",1
42960,"VH-GLOBAL - VH Global Limited, HK",1
58247,"NETVEILLANCE - SC NETVEILLANCE SRL, RO",1
4455,BSO - IX Reach Ltd,1
2119,"TELENOR-NEXTEL - Telenor Norge AS, NO",1
10320,"ISPN - Internet Services Provider Network, US",1
15399,"Wananchi Group (Kenya) Limited - Wananchi Group (Kenya) Limited, KE",1
52260,"AS52260 - Telecommunications de Haiti (Teleco), HT",1
12479,"UNI2-AS - Orange Espagne SA, ES",1
15541,"CETI-AS - Marcin Bochenek trading as CETI s.c., PL",1
132161,"VGRID-AS-AP - vGRID Limited, NZ",1
207459,"AS-TEKNOSOS-INT - TEKNOSOS BILISIM HIZMETLERI VE TIC. LTD. STI., TR",1
19624,"SERVERROOM - Data Room, Inc, US",1
45668,"AIMS-MY-NET - AIMS Data Centre Sdn Bhd, MY",1
27229,"WEBHOST-ASN1 - Webhosting.Net, Inc., US",1
35042,"Layer7-Networks-DE - Layer7 Networks GmbH, DE",1
205090,"FIRST-SERVER-EUROPE - FIRST SERVER LIMITED, GB",1
29405,"VNET-AS - VNET a.s., SK",1
5610,"O2-CZECH-REPUBLIC - O2 Czech Republic, a.s., CZ",1
204391,"nbestihosting - NBI SIA, LV",1
209181,"ZENEX5IVE-NL - Zenex 5ive Limited, GB",1
149161,"MEGA-VN - MEGA TECHNOLOGY COMPANY LIMITED, VN",1
24164,"UBBNET-AS-TW - UNION BROADBAND NETWORK, TW",1
138839,"AIL-AS-ID - PT Adidaya Infocom Lestari, ID",1
140068,"CFHIL-AS-AP - Code For Host Inc Ltd, BD",1
