domain,registrar,date_checked
googlec.com,Dynadot Inc,2026-02-03
googleb.com,"eName Technology Co., Ltd.",2026-02-03
googleg.com,"GoDaddy.com, LLC",2026-02-03
google4.com,Dynadot Inc,2026-02-03
googlem.com,"NameSilo, LLC",2026-02-03
googlew.com,"NameSilo, LLC",2026-02-03
google0.com,Tucows Domains Inc.,2026-02-03
googleh.com,Porkbun LLC,2026-02-03
googlei.com,"NameSilo, LLC",2026-02-03
google6.com,"GoDaddy.com, LLC",2026-02-03
google5.com,MarkMonitor Inc.,2026-02-03
google1.com,MarkMonitor Inc.,2026-02-03
google2.com,MarkMonitor Inc.,2026-02-03
google3.com,MarkMonitor Inc.,2026-02-03
google7.com,MarkMonitor Inc.,2026-02-03
google8.com,MarkMonitor Inc.,2026-02-03
google9.com,MarkMonitor Inc.,2026-02-03
googlea.com,MarkMonitor Inc.,2026-02-03
googled.com,MarkMonitor Inc.,2026-02-03
googlef.com,MarkMonitor Inc.,2026-02-03
googlej.com,MarkMonitor Inc.,2026-02-03
googlek.com,Gname.com Pte. Ltd.,2026-02-03
googlel.com,MarkMonitor Inc.,2026-02-03
googleo.com,MarkMonitor Inc.,2026-02-03
googlep.com,MarkMonitor Inc.,2026-02-03
googler.com,MarkMonitor Inc.,2026-02-03
googles.com,MarkMonitor Inc.,2026-02-03
googleu.com,MarkMonitor Inc.,2026-02-03
googlev.com,MarkMonitor Inc.,2026-02-03
googlex.com,MarkMonitor Inc.,2026-02-03
googlm.com,Xin Net Technology Corporation,2026-02-03
goofle.com,Dynadot Inc,2026-02-03
googhe.com,"GoDaddy.com, LLC",2026-02-03
googme.com,"GoDaddy.com, LLC",2026-02-03
gooole.com,Moniker Online Services LLC,2026-02-03
coogle.com,MarkMonitor Inc.,2026-02-03
eoogle.com,MarkMonitor Inc.,2026-02-03
ggogle.com,MarkMonitor Inc.,2026-02-03
gkogle.com,MarkMonitor Inc.,2026-02-03
gmogle.com,MarkMonitor Inc.,2026-02-03
gnogle.com,MarkMonitor Inc.,2026-02-03
goggle.com,MarkMonitor Inc.,2026-02-03
gokgle.com,MarkMonitor Inc.,2026-02-03
gomgle.com,MarkMonitor Inc.,2026-02-03
gongle.com,MarkMonitor Inc.,2026-02-03
goocle.com,MarkMonitor Inc.,2026-02-03
gooele.com,MarkMonitor Inc.,2026-02-03
googde.com,MarkMonitor Inc.,2026-02-03
googla.com,MarkMonitor Inc.,2026-02-03
googld.com,MarkMonitor Inc.,2026-02-03
googlg.com,MarkMonitor Inc.,2026-02-03
googlu.com,MarkMonitor Inc.,2026-02-03
googne.com,MarkMonitor Inc.,2026-02-03
ooogle.com,MarkMonitor Inc.,2026-02-03
xn--ggle-lqaf.com,Domeneshop AS dba domainnameshop.com,2026-02-03
xn--ggle-lqag.com,Domeneshop AS dba domainnameshop.com,2026-02-03
xn--oogle-60a.com,"GoDaddy.com, LLC",2026-02-03
xn--gogl-jpa0d.com,"GoDaddy.com, LLC",2026-02-03
xn--gogl-ou5a2e.com,"GoDaddy.com, LLC",2026-02-03
xn--ooge-i1a21h.com,"GoDaddy.com, LLC",2026-02-03
g0oqle.com,"NICENIC INTERNATIONAL GROUP CO., LIMITED",2026-02-03
gooqlc.com,"GoDaddy.com, LLC",2026-02-03
xn--oole-9pbc.com,"eNom, LLC",2026-02-03
xn--ggl-ljz8da.com,"GoDaddy.com, LLC",2026-02-03
xn--googl-b0a.com,"GoDaddy.com, LLC",2026-02-03
xn--googl-mza.com,"GoDaddy.com, LLC",2026-02-03
xn--oogle-v1a.com,"GoDaddy.com, LLC",2026-02-03
xn--oogle-72b.com,"GoDaddy.com, LLC",2026-02-03
xn--oole-z7bc.com,"GoDaddy.com, LLC",2026-02-03
xn--ggle-qqaf.com,"GoDaddy.com, LLC",2026-02-03
g00g1e.com,"TurnCommerce, Inc. DBA NameBright.com",2026-02-03
xn--gooqe-n7a.com,"NameCheap, Inc.",2026-02-03
xn--ggle-0qaf.com,Squarespace Domains II LLC,2026-02-03
xn--ggle-vqag.com,Squarespace Domains II LLC,2026-02-03
xn--oole-47bc.com,Internet Domain Service BS Corp,2026-02-03
g00glc.com,"Wild West Domains, LLC",2026-02-03
xn--gogl-epa0d.com,"GoDaddy.com, LLC",2026-02-03
xn--ggle-graa.com,"GoDaddy.com, LLC",2026-02-03
xn--ggle-vqaa.com,"GoDaddy.com, LLC",2026-02-03
xn--gogle-g91b.com,"GoDaddy.com, LLC",2026-02-03
xn--ooge-9wa5r.com,"GoDaddy.com, LLC",2026-02-03
xn--oogl-yva9c.com,"GoDaddy.com, LLC",2026-02-03
xn--ggl-gnaa4u.com,"Amazon Registrar, Inc.",2026-02-03
xn--gogle-g9a.com,"GoDaddy.com, LLC",2026-02-03
xn--gogl-epa1d.com,"Name.com, Inc.",2026-02-03
xn--gge-0naa95b.com,"GoDaddy.com, LLC",2026-02-03
xn--ggl-dma6ea.com,"GoDaddy.com, LLC",2026-02-03
xn--ggle-l3aa.com,"GoDaddy.com, LLC",2026-02-03
xn--gogle-h9a.com,"GoDaddy.com, LLC",2026-02-03
xn--gogle-jua.com,"GoDaddy.com, LLC",2026-02-03
xn--gogle-t9a.com,"GoDaddy.com, LLC",2026-02-03
xn--gooe-dxa8o.com,"GoDaddy.com, LLC",2026-02-03
xn--googl-8ra.com,"GoDaddy.com, LLC",2026-02-03
xn--ooge-9wa1p.com,"GoDaddy.com, LLC",2026-02-03
go0qle.com,Eranet International Limited,2026-02-03
xn--gogl-jpa1d.com,Squarespace Domains II LLC,2026-02-03
xn--googl-n0a.com,INWX GmbH,2026-02-03
xn--goole-b3b.com,Dynadot Inc,2026-02-03
qoog1e.com,OVH sas,2026-02-03
xn--gogle-1ta.com,"GoDaddy.com, LLC",2026-02-03
538.com,"Name.com, Inc.",2026-02-04
53f.com,"Alibaba Cloud Computing (Beijing) Co., Ltd.",2026-02-04
53l.com,"GoDaddy.com, LLC",2026-02-04
53a.com,"Name.com, Inc.",2026-02-04
53e.com,Gname.com Pte. Ltd.,2026-02-04
53h.com,"Name.com, Inc.",2026-02-04
53u.com,"NameCheap, Inc.",2026-02-04
533.com,"eName Technology Co., Ltd.",2026-02-04
536.com,"GoDaddy.com, LLC",2026-02-04
530.com,Gname.com Pte. Ltd.,2026-02-04
532.com,"GoDaddy.com, LLC",2026-02-04
531.com,"GoDaddy.com, LLC",2026-02-04
53b.com,"Network Solutions, LLC",2026-02-04
53g.com,"GoDaddy.com, LLC",2026-02-04
53d.com,"NameCheap, Inc.",2026-02-04
53r.com,Alibaba Cloud Computing Ltd. d/b/a HiChina (www.net.cn),2026-02-04
534.com,"NameCheap, Inc.",2026-02-04
537.com,"GoDaddy.com, LLC",2026-02-04
539.com,"eName Technology Co., Ltd.",2026-02-04
53i.com,"Alibaba Cloud Computing (Beijing) Co., Ltd.",2026-02-04
53k.com,"eName Technology Co., Ltd.",2026-02-04
53m.com,"eName Technology Co., Ltd.",2026-02-04
53n.com,"GoDaddy.com, LLC",2026-02-04
53q.com,"GoDaddy.com, LLC",2026-02-04
53s.com,Gname.com Pte. Ltd.,2026-02-04
53v.com,"eName Technology Co., Ltd.",2026-02-04
53z.com,"GoDaddy.com, LLC",2026-02-04
53p.com,"GoDaddy.com, LLC",2026-02-04
53c.com,"Name.com, Inc.",2026-02-04
51.com,Xin Net Technology Corporation,2026-02-04
13.com,"GoDaddy.com, LLC",2026-02-04
57.com,"CSC Corporate Domains, Inc.",2026-02-04
73.com,"GoDaddy.com, LLC",2026-02-04
5s.com,"GoDaddy.com, LLC",2026-02-04
5-3.com,"Network Solutions, LLC",2026-02-04
653.com,"GoDaddy.com, LLC",2026-02-04
5t3.com,Dynadot Inc,2026-02-04
563.com,"GoDaddy.com, LLC",2026-02-04
543.com,"GoDaddy.com, LLC",2026-02-04
5r3.com,"eName Technology Co., Ltd.",2026-02-04
453.com,"GoDaddy.com, LLC",2026-02-04
r53.com,"eName Technology Co., Ltd.",2026-02-04
553.com,"GoDaddy.com, LLC",2026-02-04
5w.com,"GoDaddy.com, LLC",2026-02-04
5e.com,"eName Technology Co., Ltd.",2026-02-04
63.com,"GoDaddy.com, LLC",2026-02-04
35.com,"Xiamen 35.com Information Co., Ltd.",2026-02-04
adobee.com,"Sea Wasp, LLC",2026-02-04
adobeh.com,"NameCheap, Inc.",2026-02-04
adobec.com,"NameCheap, Inc.",2026-02-04
adobex.com,Gname.com Pte. Ltd.,2026-02-04
adobed.com,"GoDaddy.com, LLC",2026-02-04
adobew.com,"GoDaddy.com, LLC",2026-02-04
adobe5.com,Gname.com Pte. Ltd.,2026-02-04
adobeu.com,"GMO Internet Group, Inc. d/b/a Onamae.com",2026-02-04
adobem.com,"GMO Internet Group, Inc. d/b/a Onamae.com",2026-02-04
adobet.com,"GoDaddy.com, LLC",2026-02-04
adobe1.com,"Amazon Registrar, Inc.",2026-02-04
adober.com,Alibaba Cloud Computing Ltd. d/b/a HiChina (www.net.cn),2026-02-04
adobez.com,Nom-iq Ltd. dba COM LAUDE,2026-02-04
edobe.com,"DNC Holdings, Inc.",2026-02-04
adoje.com,"TurnCommerce, Inc. DBA NameBright.com",2026-02-04
idobe.com,"TurnCommerce, Inc. DBA NameBright.com",2026-02-04
adoba.com,"GoDaddy.com, LLC",2026-02-04
adobd.com,"NameSilo, LLC",2026-02-04
adobu.com,"GoDaddy.com, LLC",2026-02-04
aeobe.com,"GoDaddy.com, LLC",2026-02-04
adore.com,"Network Solutions, LLC",2026-02-04
ad0be.com,"GoDaddy.com, LLC",2026-02-04
aclode.com,DropCatch.com 1116 LLC,2026-02-04
adodc.com,"GoDaddy.com, LLC",2026-02-04
adolbe.com,"GoDaddy.com, LLC",2026-02-04
aclobe.com,Gandi SAS,2026-02-04
adoibe.com,"Media Elite Holdings Limited, S.A.",2026-02-04
adiobe.com,"Media Elite Holdings Limited, S.A.",2026-02-04
adodle.com,"Amazon Registrar, Inc.",2026-02-04
adollbe.com,Alibaba Cloud Computing Ltd. d/b/a HiChina (www.net.cn),2026-02-04
acdobe.com,"GoDaddy.com, LLC",2026-02-04
adovbe.com,"GoDaddy.com, LLC",2026-02-04
adpobe.com,"GoDaddy.com, LLC",2026-02-04
adsobe.com,"GoDaddy.com, LLC",2026-02-04
afdobe.com,"GoDaddy.com, LLC",2026-02-04
wadobe.com,"GoDaddy.com, LLC",2026-02-04
adopbe.com,"Media Elite Holdings Limited, S.A.",2026-02-04
adbe.com,"eNom, LLC",2026-02-04
addobe.com,"Sea Wasp, LLC",2026-02-04
adoobe.com,"GoDaddy.com, LLC",2026-02-04
adobs.com,"TurnCommerce, Inc. DBA NameBright.com",2026-02-04
adoge.com,"GoDaddy.com, LLC",2026-02-04
adob3.com,"GoDaddy.com, LLC",2026-02-04
adove.com,"Sea Wasp, LLC",2026-02-04
adlbe.com,"NameCheap, Inc.",2026-02-04
acobe.com,"GoDaddy.com, LLC",2026-02-04
adpbe.com,"NameCheap, Inc.",2026-02-04
adohe.com,Epik LLC,2026-02-04
adibe.com,InterNetX GmbH,2026-02-04
adboe.com,"NameSilo, LLC",2026-02-04
adobecom.com,Nom-iq Ltd. dba COM LAUDE,2026-02-04
adube.com,"TurnCommerce, Inc. DBA NameBright.com",2026-02-04
adabe.com,"GoDaddy.com, LLC",2026-02-04
adobi.com,"GoDaddy.com, LLC",2026-02-04
adebe.com,"eName Technology Co., Ltd.",2026-02-04
adp8.com,"TurnCommerce, Inc. DBA NameBright.com",2026-02-04
adp9.com,Nameling.com LLC,2026-02-04
adp7.com,"GoDaddy.com, LLC",2026-02-04
adpr.com,"GoDaddy.com, LLC",2026-02-04
adp6.com,Gname.com Pte. Ltd.,2026-02-04
adpz.com,"Media Elite Holdings Limited, S.A.",2026-02-04
adpu.com,Dynadot Inc,2026-02-04
adpk.com,"Name.com, Inc.",2026-02-04
adpy.com,"Name.com, Inc.",2026-02-04
adpj.com,"Alibaba Cloud Computing (Beijing) Co., Ltd.",2026-02-04
ad0.com,"Sea Wasp, LLC",2026-02-04
adq.com,"NameCheap, Inc.",2026-02-04
acip.com,"eNom, LLC",2026-02-04
albp.com,"NameSilo, LLC",2026-02-04
adllp.com,"Wild West Domains, LLC",2026-02-04
xn--dp-ola.com,"Amazon Registrar, Inc.",2026-02-04
adcp.com,Key-Systems GmbH,2026-02-04
adfp.com,"GoDaddy.com, LLC",2026-02-04
adrp.com,"GoDaddy.com, LLC",2026-02-04
azdp.com,"GoDaddy.com, LLC",2026-02-04
afdp.com,"GoDaddy.com, LLC",2026-02-04
ardp.com,"NameSilo, LLC",2026-02-04
aydp.com,"Alibaba Cloud Computing (Beijing) Co., Ltd.",2026-02-04
dp.com,"GoDaddy.com, LLC",2026-02-04
axp.com,"GoDaddy.com, LLC",2026-02-04
ado.com,"TurnCommerce, Inc. DBA NameBright.com",2026-02-04
wdp.com,"CSC Corporate Domains, Inc.",2026-02-04
zdp.com,"GoDaddy.com, LLC",2026-02-04
adpcom.com,MarkMonitor Inc.,2026-02-04
aetnaa.com,MarkMonitor Inc.,2026-02-04
aetnae.com,MarkMonitor Inc.,2026-02-04
aetna1.com,MarkMonitor Inc.,2026-02-04
aetnal.com,MarkMonitor Inc.,2026-02-04
aetnas.com,MarkMonitor Inc.,2026-02-04
aetnat.com,MarkMonitor Inc.,2026-02-04
aetne.com,"GoDaddy.com, LLC",2026-02-04
aeuna.com,"TurnCommerce, Inc. DBA NameBright.com",2026-02-04
ietna.com,"TurnCommerce, Inc. DBA NameBright.com",2026-02-04
aetla.com,"GoDaddy.com, LLC",2026-02-04
aetnq.com,"NameSilo, LLC",2026-02-04
adtna.com,"Media Elite Holdings Limited, S.A.",2026-02-04
actma.com,"TurnCommerce, Inc. DBA NameBright.com",2026-02-04
actra.com,easyDNS Technologies Inc.,2026-02-04
aretna.com,PDR Ltd. d/b/a PublicDomainRegistry.com,2026-02-04
waetna.com,Internet Domain Service BS Corp,2026-02-04
adetna.com,"GoDaddy.com, LLC",2026-02-04
zaetna.com,MarkMonitor Inc.,2026-02-04
aaetna.com,Internet Domain Service BS Corp,2026-02-04
wetna.com,DropCatch.com 607 LLC,2026-02-04
aztna.com,"GoDaddy.com, LLC",2026-02-04
aegna.com,Dynadot Inc,2026-02-04
aetha.com,"Media Elite Holdings Limited, S.A.",2026-02-04
awtna.com,"Media Elite Holdings Limited, S.A.",2026-02-04
aenta.com,"NameSilo, LLC",2026-02-04
atena.com,"GoDaddy.com, LLC",2026-02-04
aetan.com,"Media Elite Holdings Limited, S.A.",2026-02-04
aetnacom.com,MarkMonitor Inc.,2026-02-04
uetna.com,MarkMonitor Inc.,2026-02-04
aetno.com,Dynadot Inc,2026-02-04
airbnbl.com,Key-Systems GmbH,2026-02-04
airbnbu.com,"GoDaddy.com, LLC",2026-02-04
airbnb1.com,"GoDaddy.com, LLC",2026-02-04
airbnbc.com,"Media Elite Holdings Limited, S.A.",2026-02-04
airbnby.com,Realtime Register B.V.,2026-02-04
airbnbs.com,Dynadot Inc,2026-02-04
airbnb2.com,MarkMonitor Inc.,2026-02-04
airbnbb.com,MarkMonitor Inc.,2026-02-04
airbnb8.com,Gname.com Pte. Ltd.,2026-02-04
airbnbv.com,Porkbun LLC,2026-02-04
airbnbt.com,"WEDOS Internet, a.s.",2026-02-04
airbnbh.com,1API GmbH,2026-02-04
airbnbo.com,"WEDOS Internet, a.s.",2026-02-04
airbnb0.com,"Cloudflare, Inc.",2026-02-04
airbnbj.com,MarkMonitor Inc.,2026-02-04
aarbnb.com,"Spaceship, Inc.",2026-02-04
aisbnb.com,Dynadot Inc,2026-02-04
airbnr.com,WorthyDomains LLC,2026-02-04
aircnb.com,"TurnCommerce, Inc. DBA NameBright.com",2026-02-04
airrnb.com,DropCatch.com 1025 LLC,2026-02-04
ayrbnb.com,"TurnCommerce, Inc. DBA NameBright.com",2026-02-04
eirbnb.com,"NameCheap, Inc.",2026-02-04
qirbnb.com,Porkbun LLC,2026-02-04
akrbnb.com,1API GmbH,2026-02-04
aizbnb.com,PDR Ltd. d/b/a PublicDomainRegistry.com,2026-02-04
airfnb.com,Tucows Domains Inc.,2026-02-04
xn--arbnb-zsa.com,"HOSTINGER operations, UAB",2026-02-04
airdmb.com,"GoDaddy.com, LLC",2026-02-04
airbmb.com,MarkMonitor Inc.,2026-02-04
airbrb.com,MarkMonitor Inc.,2026-02-04
airbn-b.com,Gname.com Pte. Ltd.,2026-02-04
airb-nb.com,"Name.com, Inc.",2026-02-04
air-bnb.com,MarkMonitor Inc.,2026-02-04
airebnb.com,DropCatch.com 590 LLC,2026-02-04
aiurbnb.com,"eNom, LLC",2026-02-04
1airbnb.com,CNOBIN INFORMATION TECHNOLOGY LIMITED,2026-02-04
airbbnb.com,"Alibaba Cloud Computing (Beijing) Co., Ltd.",2026-02-04
asirbnb.com,1API GmbH,2026-02-04
qairbnb.com,1API GmbH,2026-02-04
aierbnb.com,Dynadot Inc,2026-02-04
airbhnb.com,Dynadot Inc,2026-02-04
airbjnb.com,Dynadot Inc,2026-02-04
airbnjb.com,Dynadot Inc,2026-02-04
airbnmb.com,Dynadot Inc,2026-02-04
airbvnb.com,Dynadot Inc,2026-02-04
airtbnb.com,Dynadot Inc,2026-02-04
aitrbnb.com,Dynadot Inc,2026-02-04
aoirbnb.com,Dynadot Inc,2026-02-04
aqirbnb.com,Dynadot Inc,2026-02-04
wairbnb.com,MarkMonitor Inc.,2026-02-04
airbn.com,"Sea Wasp, LLC",2026-02-04
irbnb.com,"eName Technology Co., Ltd.",2026-02-04
airbb.com,MarkMonitor Inc.,2026-02-04
airnb.com,MarkMonitor Inc.,2026-02-04
arbnb.com,MarkMonitor Inc.,2026-02-04
airrbnb.com,CNOBIN INFORMATION TECHNOLOGY LIMITED,2026-02-04
aiirbnb.com,"NameCheap, Inc.",2026-02-04
aairbnb.com,CNOBIN INFORMATION TECHNOLOGY LIMITED,2026-02-04
ai5bnb.com,"Cloudflare, Inc.",2026-02-04
a9rbnb.com,"Cloudflare, Inc.",2026-02-04
a8rbnb.com,"Cloudflare, Inc.",2026-02-04
airgnb.com,DropCatch.com 536 LLC,2026-02-04
airhnb.com,DropCatch.com 664 LLC,2026-02-04
airbbb.com,"NameCheap, Inc.",2026-02-04
aurbnb.com,"NameCheap, Inc.",2026-02-04
aorbnb.com,"NameCheap, Inc.",2026-02-04
ajrbnb.com,MarkMonitor Inc.,2026-02-04
wirbnb.com,Dynadot Inc,2026-02-04
zirbnb.com,Dynadot Inc,2026-02-04
airbnh.com,Dynadot Inc,2026-02-04
iarbnb.com,"NameCheap, Inc.",2026-02-04
aibrnb.com,"NameCheap, Inc.",2026-02-04
airbbn.com,MarkMonitor Inc.,2026-02-04
airnbb.com,MarkMonitor Inc.,2026-02-04
aribnb.com,MarkMonitor Inc.,2026-02-04
aerbnb.com,"Network Solutions, LLC",2026-02-04
oirbnb.com,Squarespace Domains LLC,2026-02-04
allstate3.com,"GoDaddy Corporate Domains, LLC",2026-02-04
allstatee.com,"GoDaddy Corporate Domains, LLC",2026-02-04
allstatef.com,"GoDaddy Corporate Domains, LLC",2026-02-04
allstateh.com,"GoDaddy Corporate Domains, LLC",2026-02-04
allstatei.com,"GoDaddy Corporate Domains, LLC",2026-02-04
allstatek.com,"GoDaddy Corporate Domains, LLC",2026-02-04
allstatem.com,"GoDaddy Corporate Domains, LLC",2026-02-04
allstatep.com,"GoDaddy Corporate Domains, LLC",2026-02-04
allstateq.com,"GoDaddy Corporate Domains, LLC",2026-02-04
allstatev.com,"GoDaddy Corporate Domains, LLC",2026-02-04
allstatey.com,"GoDaddy Corporate Domains, LLC",2026-02-04
illstate.com,"NameSilo, LLC",2026-02-04
adlstate.com,"GoDaddy Corporate Domains, LLC",2026-02-04
aldstate.com,"GoDaddy Corporate Domains, LLC",2026-02-04
alhstate.com,"GoDaddy Corporate Domains, LLC",2026-02-04
all3tate.com,"GoDaddy Corporate Domains, LLC",2026-02-04
allctate.com,"GoDaddy Corporate Domains, LLC",2026-02-04
allstade.com,"GoDaddy Corporate Domains, LLC",2026-02-04
allstatd.com,"GoDaddy Corporate Domains, LLC",2026-02-04
allstcte.com,"GoDaddy Corporate Domains, LLC",2026-02-04
allsuate.com,"GoDaddy Corporate Domains, LLC",2026-02-04
alnstate.com,"GoDaddy Corporate Domains, LLC",2026-02-04
amlstate.com,"GoDaddy Corporate Domains, LLC",2026-02-04
anlstate.com,"GoDaddy Corporate Domains, LLC",2026-02-04
cllstate.com,"GoDaddy Corporate Domains, LLC",2026-02-04
ellstate.com,"GoDaddy Corporate Domains, LLC",2026-02-04
qllstate.com,"GoDaddy Corporate Domains, LLC",2026-02-04
allstatm.com,"GoDaddy Corporate Domains, LLC",2026-02-04
xn--astate-icba.com,"GoDaddy.com, LLC",2026-02-04
a11state.com,"GoDaddy Corporate Domains, LLC",2026-02-04
a1lstate.com,"GoDaddy Corporate Domains, LLC",2026-02-04
ailstate.com,"GoDaddy Corporate Domains, LLC",2026-02-04
al1state.com,"GoDaddy Corporate Domains, LLC",2026-02-04
xn--allsae-skbb.com,"GoDaddy Corporate Domains, LLC",2026-02-04
xn--allsate-6rb.com,"GoDaddy Corporate Domains, LLC",2026-02-04
xn--allsate-9qb.com,"GoDaddy Corporate Domains, LLC",2026-02-04
xn--allsate-hb4c.com,"GoDaddy Corporate Domains, LLC",2026-02-04
xn--allstae-8rb.com,"GoDaddy Corporate Domains, LLC",2026-02-04
xn--allstae-crb.com,"GoDaddy Corporate Domains, LLC",2026-02-04
xn--allstae-jb4c.com,"GoDaddy Corporate Domains, LLC",2026-02-04
xn--allstat-27a.com,"GoDaddy Corporate Domains, LLC",2026-02-04
xn--allstat-g9a.com,"GoDaddy Corporate Domains, LLC",2026-02-04
xn--allstat-hya.com,"GoDaddy Corporate Domains, LLC",2026-02-04
xn--allstat-j8a.com,"GoDaddy Corporate Domains, LLC",2026-02-04
xn--allstat-m1c.com,"GoDaddy Corporate Domains, LLC",2026-02-04
xn--allstat-pya.com,"GoDaddy Corporate Domains, LLC",2026-02-04
xn--allstat-w9a.com,"GoDaddy Corporate Domains, LLC",2026-02-04
xn--allstat-xs4c.com,"GoDaddy Corporate Domains, LLC",2026-02-04
xn--allstat-xya.com,"GoDaddy Corporate Domains, LLC",2026-02-04
xn--allstat-z8a.com,"GoDaddy Corporate Domains, LLC",2026-02-04
xn--allstte-1wa.com,"GoDaddy Corporate Domains, LLC",2026-02-04
xn--allstte-30c.com,"GoDaddy Corporate Domains, LLC",2026-02-04
xn--allstte-9wa.com,"GoDaddy Corporate Domains, LLC",2026-02-04
xn--allstte-d4a.com,"GoDaddy Corporate Domains, LLC",2026-02-04
xn--allstte-dwa.com,"GoDaddy Corporate Domains, LLC",2026-02-04
xn--allstte-en4c.com,"GoDaddy Corporate Domains, LLC",2026-02-04
xn--allstte-ixa.com,"GoDaddy Corporate Domains, LLC",2026-02-04
xn--allstte-lwa.com,"GoDaddy Corporate Domains, LLC",2026-02-04
xn--allstte-pbd.com,"GoDaddy Corporate Domains, LLC",2026-02-04
xn--allstte-rgc.com,"GoDaddy Corporate Domains, LLC",2026-02-04
xn--allstte-twa.com,"GoDaddy Corporate Domains, LLC",2026-02-04
xn--alltate-573c.com,"GoDaddy Corporate Domains, LLC",2026-02-04
xn--alltate-fpb.com,"GoDaddy Corporate Domains, LLC",2026-02-04
xn--alltate-umd.com,"GoDaddy Corporate Domains, LLC",2026-02-04
xn--alstate-bib.com,"GoDaddy Corporate Domains, LLC",2026-02-04
xn--alstate-jhd.com,"GoDaddy Corporate Domains, LLC",2026-02-04
xn--alstate-khd.com,"GoDaddy Corporate Domains, LLC",2026-02-04
xn--alstate-njb.com,"GoDaddy Corporate Domains, LLC",2026-02-04
xn--alstate-ojb.com,"GoDaddy Corporate Domains, LLC",2026-02-04
xn--alstate-qib.com,"GoDaddy Corporate Domains, LLC",2026-02-04
xn--alstate-thb.com,"GoDaddy Corporate Domains, LLC",2026-02-04
xn--astate-3dba.com,"GoDaddy Corporate Domains, LLC",2026-02-04
xn--astate-i2ca.com,"GoDaddy Corporate Domains, LLC",2026-02-04
xn--llstate-4wa.com,"GoDaddy Corporate Domains, LLC",2026-02-04
xn--llstate-73a.com,"GoDaddy Corporate Domains, LLC",2026-02-04
xn--llstate-7va.com,"GoDaddy Corporate Domains, LLC",2026-02-04
xn--llstate-8m4c.com,"GoDaddy Corporate Domains, LLC",2026-02-04
xn--llstate-dxa.com,"GoDaddy Corporate Domains, LLC",2026-02-04
xn--llstate-gwa.com,"GoDaddy Corporate Domains, LLC",2026-02-04
xn--llstate-kbd.com,"GoDaddy Corporate Domains, LLC",2026-02-04
xn--llstate-mgc.com,"GoDaddy Corporate Domains, LLC",2026-02-04
xn--llstate-o4a.com,"GoDaddy Corporate Domains, LLC",2026-02-04
xn--llstate-owa.com,"GoDaddy Corporate Domains, LLC",2026-02-04
xn--llstate-r3a.com,"GoDaddy Corporate Domains, LLC",2026-02-04
xn--llstate-wwa.com,"GoDaddy Corporate Domains, LLC",2026-02-04
xn--llstate-y0c.com,"GoDaddy Corporate Domains, LLC",2026-02-04
xn--llstte-25be.com,"GoDaddy Corporate Domains, LLC",2026-02-04
xn--llstte-2tae.com,"GoDaddy Corporate Domains, LLC",2026-02-04
xn--llstte-9tae.com,"GoDaddy Corporate Domains, LLC",2026-02-04
xn--llstte-9wce.com,"GoDaddy Corporate Domains, LLC",2026-02-04
xn--llstte-h0ae.com,"GoDaddy Corporate Domains, LLC",2026-02-04
xn--llstte-htae.com,"GoDaddy Corporate Domains, LLC",2026-02-04
xn--llstte-huae.com,"GoDaddy Corporate Domains, LLC",2026-02-04
xn--llstte-otae.com,"GoDaddy Corporate Domains, LLC",2026-02-04
xn--llstte-vc8be.com,"GoDaddy Corporate Domains, LLC",2026-02-04
xn--llstte-voce.com,"GoDaddy Corporate Domains, LLC",2026-02-04
xn--llstte-vtae.com,"GoDaddy Corporate Domains, LLC",2026-02-04
xn--alltate-cqb.com,"GoDaddy Corporate Domains, LLC",2026-02-04
a-llstate.com,"GoDaddy Corporate Domains, LLC",2026-02-04
al-lstate.com,"GoDaddy Corporate Domains, LLC",2026-02-04
all-state.com,"GoDaddy Corporate Domains, LLC",2026-02-04
allstat-e.com,"GoDaddy Corporate Domains, LLC",2026-02-04
yallstate.com,"GoDaddy.com, LLC",2026-02-04
wallstate.com,"Wild West Domains, LLC",2026-02-04
2allstate.com,"GoDaddy Corporate Domains, LLC",2026-02-04
akllstate.com,"GoDaddy Corporate Domains, LLC",2026-02-04
allastate.com,"GoDaddy Corporate Domains, LLC",2026-02-04
alldstate.com,"GoDaddy Corporate Domains, LLC",2026-02-04
allmstate.com,"GoDaddy Corporate Domains, LLC",2026-02-04
allpstate.com,"GoDaddy Corporate Domains, LLC",2026-02-04
allsatate.com,"GoDaddy Corporate Domains, LLC",2026-02-04
allsdtate.com,"GoDaddy Corporate Domains, LLC",2026-02-04
allsetate.com,"GoDaddy Corporate Domains, LLC",2026-02-04
allsqtate.com,"GoDaddy Corporate Domains, LLC",2026-02-04
allst1ate.com,"GoDaddy Corporate Domains, LLC",2026-02-04
allsta2te.com,"GoDaddy Corporate Domains, LLC",2026-02-04
allsta5te.com,"GoDaddy Corporate Domains, LLC",2026-02-04
allsta6te.com,"GoDaddy Corporate Domains, LLC",2026-02-04
allstafte.com,"GoDaddy Corporate Domains, LLC",2026-02-04
allstarte.com,"GoDaddy Corporate Domains, LLC",2026-02-04
allstatfe.com,"GoDaddy Corporate Domains, LLC",2026-02-04
allstatge.com,"GoDaddy Corporate Domains, LLC",2026-02-04
allstatre.com,"GoDaddy Corporate Domains, LLC",2026-02-04
allstawte.com,"GoDaddy Corporate Domains, LLC",2026-02-04
allstayte.com,"GoDaddy Corporate Domains, LLC",2026-02-04
allstazte.com,"GoDaddy Corporate Domains, LLC",2026-02-04
allstwate.com,"GoDaddy Corporate Domains, LLC",2026-02-04
allstzate.com,"GoDaddy Corporate Domains, LLC",2026-02-04
allsxtate.com,"GoDaddy Corporate Domains, LLC",2026-02-04
allsztate.com,"GoDaddy Corporate Domains, LLC",2026-02-04
allwstate.com,"GoDaddy Corporate Domains, LLC",2026-02-04
allxstate.com,"GoDaddy Corporate Domains, LLC",2026-02-04
alolstate.com,"GoDaddy Corporate Domains, LLC",2026-02-04
amllstate.com,"GoDaddy Corporate Domains, LLC",2026-02-04
aollstate.com,"GoDaddy Corporate Domains, LLC",2026-02-04
apllstate.com,"GoDaddy Corporate Domains, LLC",2026-02-04
aqllstate.com,"GoDaddy Corporate Domains, LLC",2026-02-04
asllstate.com,"GoDaddy Corporate Domains, LLC",2026-02-04
awllstate.com,"GoDaddy Corporate Domains, LLC",2026-02-04
azllstate.com,"GoDaddy Corporate Domains, LLC",2026-02-04
qallstate.com,"GoDaddy Corporate Domains, LLC",2026-02-04
sallstate.com,"GoDaddy Corporate Domains, LLC",2026-02-04
zallstate.com,"GoDaddy Corporate Domains, LLC",2026-02-04
alklstate.com,"GoDaddy Corporate Domains, LLC",2026-02-04
allstsate.com,"Name.com, Inc.",2026-02-04
allstae.com,"GoDaddy Corporate Domains, LLC",2026-02-04
llstate.com,"GoDaddy Corporate Domains, LLC",2026-02-04
allsstate.com,"GoDaddy Corporate Domains, LLC",2026-02-04
aallstate.com,"GoDaddy Corporate Domains, LLC",2026-02-04
allstaate.com,"GoDaddy Corporate Domains, LLC",2026-02-04
alkstate.com,"Alibaba Cloud Computing (Beijing) Co., Ltd.",2026-02-04
1llstate.com,"GoDaddy Corporate Domains, LLC",2026-02-04
2llstate.com,"GoDaddy Corporate Domains, LLC",2026-02-04
aklstate.com,"GoDaddy Corporate Domains, LLC",2026-02-04
allatate.com,"GoDaddy Corporate Domains, LLC",2026-02-04
alldtate.com,"GoDaddy Corporate Domains, LLC",2026-02-04
allst1te.com,"GoDaddy Corporate Domains, LLC",2026-02-04
allsta5e.com,"GoDaddy Corporate Domains, LLC",2026-02-04
allstare.com,"GoDaddy Corporate Domains, LLC",2026-02-04
allstat3.com,"GoDaddy Corporate Domains, LLC",2026-02-04
allstatr.com,"GoDaddy Corporate Domains, LLC",2026-02-04
allstwte.com,"GoDaddy Corporate Domains, LLC",2026-02-04
allstyte.com,"GoDaddy Corporate Domains, LLC",2026-02-04
allstzte.com,"GoDaddy Corporate Domains, LLC",2026-02-04
allztate.com,"GoDaddy Corporate Domains, LLC",2026-02-04
alpstate.com,"GoDaddy Corporate Domains, LLC",2026-02-04
aolstate.com,"GoDaddy Corporate Domains, LLC",2026-02-04
aplstate.com,"GoDaddy Corporate Domains, LLC",2026-02-04
wllstate.com,"GoDaddy Corporate Domains, LLC",2026-02-04
yllstate.com,"GoDaddy Corporate Domains, LLC",2026-02-04
alsltate.com,"GoDaddy Corporate Domains, LLC",2026-02-04
ullstate.com,"GoDaddy Corporate Domains, LLC",2026-02-04
amazona.com,"Media Elite Holdings Limited, S.A.",2026-02-04
alazon.com,MarkMonitor Inc.,2026-02-04
qmazon.com,MarkMonitor Inc.,2026-02-04
amajon.com,Gname.com Pte. Ltd.,2026-02-04
amazof.com,MarkMonitor Inc.,2026-02-04
xn--amazo-km1b.com,"NameCheap, Inc.",2026-02-04
annazom.com,"GoDaddy.com, LLC",2026-02-04
annazon.com,MarkMonitor Inc.,2026-02-04
armazon.com,MarkMonitor Inc.,2026-02-04
arnazon.com,MarkMonitor Inc.,2026-02-04
arazon.com,Dynadot Inc,2026-02-04
xn--amazn-v9a.com,Hosting Concepts B.V. d/b/a Registrar.eu,2026-02-04
xn--amazn-9ta.com,Dynadot Inc,2026-02-04
xn--amzn-6na3i.com,Dynadot Inc,2026-02-04
xn--amzon-hra.com,MarkMonitor Inc.,2026-02-04
anmazon.com,MarkMonitor Inc.,2026-02-04
xn--amazn-581b.com,"HOSTINGER operations, UAB",2026-02-04
xn--amz0n-sqa.com,"Name.com, Inc.",2026-02-04
annaz0n.com,Gname.com Pte. Ltd.,2026-02-04
xn--aazon-2k1b.com,MarkMonitor Inc.,2026-02-04
xn--aazon-919a.com,Nom-iq Ltd. dba COM LAUDE,2026-02-04
xn--aazon-qk1b.com,Nom-iq Ltd. dba COM LAUDE,2026-02-04
xn--amaon-6y1b.com,MarkMonitor Inc.,2026-02-04
xn--amaon-isb.com,Nom-iq Ltd. dba COM LAUDE,2026-02-04
xn--amaon-wc9c.com,MarkMonitor Inc.,2026-02-04
xn--amaon-x59a.com,Nom-iq Ltd. dba COM LAUDE,2026-02-04
xn--amazn-3ta.com,MarkMonitor Inc.,2026-02-04
xn--amazn-9dc.com,Nom-iq Ltd. dba COM LAUDE,2026-02-04
xn--amazn-gua.com,MarkMonitor Inc.,2026-02-04
xn--amazn-i91b.com,Nom-iq Ltd. dba COM LAUDE,2026-02-04
xn--amazn-j9a.com,MarkMonitor Inc.,2026-02-04
xn--amazn-xob.com,Nom-iq Ltd. dba COM LAUDE,2026-02-04
xn--amazn-xta.com,Squarespace Domains II LLC,2026-02-04
xn--amazn-yua.com,MarkMonitor Inc.,2026-02-04
xn--amazo-07a.com,MarkMonitor Inc.,2026-02-04
xn--amazo-13b.com,Nom-iq Ltd. dba COM LAUDE,2026-02-04
xn--amazo-7l1b.com,MarkMonitor Inc.,2026-02-04
xn--amazo-8q3s.com,Nom-iq Ltd. dba COM LAUDE,2026-02-04
xn--amazo-d8a.com,Nom-iq Ltd. dba COM LAUDE,2026-02-04
xn--amazo-p8a.com,Nom-iq Ltd. dba COM LAUDE,2026-02-04
xn--amazo-sta.com,Tucows Domains Inc.,2026-02-04
xn--amazo-vl1b.com,MarkMonitor Inc.,2026-02-04
xn--amzn-6na7h.com,MarkMonitor Inc.,2026-02-04
xn--amzon-1jc.com,MarkMonitor Inc.,2026-02-04
xn--amzon-4qa.com,MarkMonitor Inc.,2026-02-04
xn--amzon-bra.com,Nom-iq Ltd. dba COM LAUDE,2026-02-04
xn--amzon-k11b.com,MarkMonitor Inc.,2026-02-04
xn--amzon-lwb.com,Nom-iq Ltd. dba COM LAUDE,2026-02-04
xn--amzon-nra.com,Nom-iq Ltd. dba COM LAUDE,2026-02-04
xn--amzon-sqa.com,Nom-iq Ltd. dba COM LAUDE,2026-02-04
xn--amzon-swa.com,Nom-iq Ltd. dba COM LAUDE,2026-02-04
xn--amzon-ucc.com,MarkMonitor Inc.,2026-02-04
xn--mazon-2wa.com,Nom-iq Ltd. dba COM LAUDE,2026-02-04
xn--mazon-ewa.com,MarkMonitor Inc.,2026-02-04
xn--mazon-fra.com,MarkMonitor Inc.,2026-02-04
xn--mazon-i11b.com,MarkMonitor Inc.,2026-02-04
xn--mazon-jwb.com,Nom-iq Ltd. dba COM LAUDE,2026-02-04
xn--mazon-lra.com,MarkMonitor Inc.,2026-02-04
xn--mazon-scc.com,Nom-iq Ltd. dba COM LAUDE,2026-02-04
xn--mazon-zjc.com,MarkMonitor Inc.,2026-02-04
xn--mzon-4nab.com,MarkMonitor Inc.,2026-02-04
xn--mzon-foab.com,MarkMonitor Inc.,2026-02-04
xn--mzon-p5bb.com,MarkMonitor Inc.,2026-02-04
xn--mzon-znab.com,MarkMonitor Inc.,2026-02-04
a-mazon.com,MarkMonitor Inc.,2026-02-04
asmazon.com,MarkMonitor Inc.,2026-02-04
aymazon.com,MarkMonitor Inc.,2026-02-04
qamazon.com,MarkMonitor Inc.,2026-02-04
wamazon.com,MarkMonitor Inc.,2026-02-04
1amazon.com,MarkMonitor Inc.,2026-02-04
ajmazon.com,MarkMonitor Inc.,2026-02-04
akmazon.com,MarkMonitor Inc.,2026-02-04
awmazon.com,MarkMonitor Inc.,2026-02-04
azmazon.com,MarkMonitor Inc.,2026-02-04
amatzon.com,MarkMonitor Inc.,2026-02-04
amauzon.com,MarkMonitor Inc.,2026-02-04
amazo.com,MarkMonitor Inc.,2026-02-04
amaton.com,"Network Solutions, LLC",2026-02-04
ajazon.com,MarkMonitor Inc.,2026-02-04
akazon.com,MarkMonitor Inc.,2026-02-04
zmazon.com,MarkMonitor Inc.,2026-02-04
ymazon.com,MarkMonitor Inc.,2026-02-04
amaz9n.com,MarkMonitor Inc.,2026-02-04
amszon.com,MarkMonitor Inc.,2026-02-04
amwzon.com,MarkMonitor Inc.,2026-02-04
aamzon.com,MarkMonitor Inc.,2026-02-04
maazon.com,MarkMonitor Inc.,2026-02-04
amazoncom.com,"22net, Inc.",2026-02-04
omazon.com,"Network Solutions, LLC",2026-02-04
amazen.com,"Inames Co., Ltd.",2026-02-04
umazon.com,MarkMonitor Inc.,2026-02-04
americanexpressh.com,Gname.com Pte. Ltd.,2026-02-04
americanexpressv.com,Gname.com Pte. Ltd.,2026-02-04
americanexpress0.com,"Cloudflare, Inc.",2026-02-04
americanexpress1.com,"CSC Corporate Domains, Inc.",2026-02-04
americanexpressa.com,"CSC Corporate Domains, Inc.",2026-02-04
americanexpressd.com,"CSC Corporate Domains, Inc.",2026-02-04
americanexpresse.com,"CSC Corporate Domains, Inc.",2026-02-04
americanexpressi.com,"CSC Corporate Domains, Inc.",2026-02-04
americanexpressl.com,"CSC Corporate Domains, Inc.",2026-02-04
americanexpressm.com,"CSC Corporate Domains, Inc.",2026-02-04
americanexpressn.com,"CSC Corporate Domains, Inc.",2026-02-04
americanexpresso.com,"CSC Corporate Domains, Inc.",2026-02-04
americanexpressp.com,"CSC Corporate Domains, Inc.",2026-02-04
americanexpressq.com,"CSC Corporate Domains, Inc.",2026-02-04
americanexpressr.com,"CSC Corporate Domains, Inc.",2026-02-04
americanexpresss.com,"CSC Corporate Domains, Inc.",2026-02-04
americanexpresst.com,"CSC Corporate Domains, Inc.",2026-02-04
americanexpressu.com,"CSC Corporate Domains, Inc.",2026-02-04
americanexpressx.com,"CSC Corporate Domains, Inc.",2026-02-04
americanexpressy.com,"CSC Corporate Domains, Inc.",2026-02-04
americanexpressz.com,"CSC Corporate Domains, Inc.",2026-02-04
a-ericanexpress.com,"CSC Corporate Domains, Inc.",2026-02-04
aeericanexpress.com,"CSC Corporate Domains, Inc.",2026-02-04
aiericanexpress.com,"CSC Corporate Domains, Inc.",2026-02-04
alericanexpress.com,"CSC Corporate Domains, Inc.",2026-02-04
ame2icanexpress.com,"CSC Corporate Domains, Inc.",2026-02-04
amebicanexpress.com,"CSC Corporate Domains, Inc.",2026-02-04
amepicanexpress.com,"CSC Corporate Domains, Inc.",2026-02-04
ameracanexpress.com,"CSC Corporate Domains, Inc.",2026-02-04
amerhcanexpress.com,"CSC Corporate Domains, Inc.",2026-02-04
ameriaanexpress.com,"CSC Corporate Domains, Inc.",2026-02-04
ameribanexpress.com,"CSC Corporate Domains, Inc.",2026-02-04
americafexpress.com,"CSC Corporate Domains, Inc.",2026-02-04
americajexpress.com,"CSC Corporate Domains, Inc.",2026-02-04
americandxpress.com,"CSC Corporate Domains, Inc.",2026-02-04
americane8press.com,"CSC Corporate Domains, Inc.",2026-02-04
americanehpress.com,"CSC Corporate Domains, Inc.",2026-02-04
americaneppress.com,"CSC Corporate Domains, Inc.",2026-02-04
americanex0ress.com,"CSC Corporate Domains, Inc.",2026-02-04
americanexp2ess.com,"CSC Corporate Domains, Inc.",2026-02-04
americanexpbess.com,"CSC Corporate Domains, Inc.",2026-02-04
americanexppess.com,"CSC Corporate Domains, Inc.",2026-02-04
americanexprass.com,"CSC Corporate Domains, Inc.",2026-02-04
americanexprdss.com,"CSC Corporate Domains, Inc.",2026-02-04
americanexpre3s.com,"CSC Corporate Domains, Inc.",2026-02-04
americanexprecs.com,"CSC Corporate Domains, Inc.",2026-02-04
americanexpreqs.com,"CSC Corporate Domains, Inc.",2026-02-04
americanexprers.com,"CSC Corporate Domains, Inc.",2026-02-04
americanexpres3.com,"CSC Corporate Domains, Inc.",2026-02-04
americanexpresc.com,"CSC Corporate Domains, Inc.",2026-02-04
americanexpresq.com,"CSC Corporate Domains, Inc.",2026-02-04
americanexpresr.com,"CSC Corporate Domains, Inc.",2026-02-04
americanexpresw.com,"CSC Corporate Domains, Inc.",2026-02-04
americanexprgss.com,"CSC Corporate Domains, Inc.",2026-02-04
americanexprmss.com,"CSC Corporate Domains, Inc.",2026-02-04
americanexpruss.com,"CSC Corporate Domains, Inc.",2026-02-04
americanexpsess.com,"CSC Corporate Domains, Inc.",2026-02-04
americanexpvess.com,"CSC Corporate Domains, Inc.",2026-02-04
americanexpzess.com,"CSC Corporate Domains, Inc.",2026-02-04
americanexqress.com,"CSC Corporate Domains, Inc.",2026-02-04
americanexrress.com,"CSC Corporate Domains, Inc.",2026-02-04
americanexxress.com,"CSC Corporate Domains, Inc.",2026-02-04
americaneypress.com,"CSC Corporate Domains, Inc.",2026-02-04
americanezpress.com,"CSC Corporate Domains, Inc.",2026-02-04
americangxpress.com,"CSC Corporate Domains, Inc.",2026-02-04
americanmxpress.com,"CSC Corporate Domains, Inc.",2026-02-04
americanuxpress.com,"CSC Corporate Domains, Inc.",2026-02-04
americaoexpress.com,"CSC Corporate Domains, Inc.",2026-02-04
americcnexpress.com,"CSC Corporate Domains, Inc.",2026-02-04
americenexpress.com,"CSC Corporate Domains, Inc.",2026-02-04
americinexpress.com,"CSC Corporate Domains, Inc.",2026-02-04
ameriganexpress.com,"CSC Corporate Domains, Inc.",2026-02-04
amerikanexpress.com,"CSC Corporate Domains, Inc.",2026-02-04
amerisanexpress.com,"CSC Corporate Domains, Inc.",2026-02-04
amerkcanexpress.com,"CSC Corporate Domains, Inc.",2026-02-04
amermcanexpress.com,"CSC Corporate Domains, Inc.",2026-02-04
amerycanexpress.com,"CSC Corporate Domains, Inc.",2026-02-04
amesicanexpress.com,"CSC Corporate Domains, Inc.",2026-02-04
amevicanexpress.com,"CSC Corporate Domains, Inc.",2026-02-04
amezicanexpress.com,"CSC Corporate Domains, Inc.",2026-02-04
amgricanexpress.com,"CSC Corporate Domains, Inc.",2026-02-04
ammricanexpress.com,"CSC Corporate Domains, Inc.",2026-02-04
amuricanexpress.com,"CSC Corporate Domains, Inc.",2026-02-04
aoericanexpress.com,"CSC Corporate Domains, Inc.",2026-02-04
cmericanexpress.com,"CSC Corporate Domains, Inc.",2026-02-04
imericanexpress.com,"CSC Corporate Domains, Inc.",2026-02-04
amnericanexpress.com,"eNom, LLC",2026-02-04
americarexpress.com,"eNom, LLC",2026-02-04
americamexpress.com,"CSC Corporate Domains, Inc.",2026-02-04
americancxpress.com,"CSC Corporate Domains, Inc.",2026-02-04
americannexpress.com,"CSC Corporate Domains, Inc.",2026-02-04
amerlcanexpress.com,"CSC Corporate Domains, Inc.",2026-02-04
ammericanexpress.com,"CSC Corporate Domains, Inc.",2026-02-04
anericanexpress.com,"CSC Corporate Domains, Inc.",2026-02-04
armericanexpress.com,"CSC Corporate Domains, Inc.",2026-02-04
american-express.com,"CSC Corporate Domains, Inc.",2026-02-04
americanex-press.com,"CSC Corporate Domains, Inc.",2026-02-04
americabnexpress.com,"eNom, LLC",2026-02-04
americanexcpress.com,"eNom, LLC",2026-02-04
americanexopress.com,"eNom, LLC",2026-02-04
americanexpreess.com,"GoDaddy.com, LLC",2026-02-04
americanexprerss.com,"eNom, LLC",2026-02-04
americanexptress.com,"Name.com, Inc.",2026-02-04
americanwexpress.com,"eNom, LLC",2026-02-04
1americanexpress.com,"CSC Corporate Domains, Inc.",2026-02-04
amsericanexpress.com,"Media Elite Holdings Limited, S.A.",2026-02-04
americanmexpress.com,"eNom, LLC",2026-02-04
americvanexpress.com,"eNom, LLC",2026-02-04
americanesxpress.com,"eNom, LLC",2026-02-04
ameericanexpress.com,"CSC Corporate Domains, Inc.",2026-02-04
amer4icanexpress.com,"CSC Corporate Domains, Inc.",2026-02-04
amerdicanexpress.com,"CSC Corporate Domains, Inc.",2026-02-04
amereicanexpress.com,"CSC Corporate Domains, Inc.",2026-02-04
ameri8canexpress.com,"CSC Corporate Domains, Inc.",2026-02-04
ameri9canexpress.com,"CSC Corporate Domains, Inc.",2026-02-04
americahnexpress.com,"CSC Corporate Domains, Inc.",2026-02-04
american3express.com,"CSC Corporate Domains, Inc.",2026-02-04
american4express.com,"CSC Corporate Domains, Inc.",2026-02-04
americanbexpress.com,"CSC Corporate Domains, Inc.",2026-02-04
americane3xpress.com,"CSC Corporate Domains, Inc.",2026-02-04
americane4xpress.com,"CSC Corporate Domains, Inc.",2026-02-04
americanedxpress.com,"CSC Corporate Domains, Inc.",2026-02-04
americanerxpress.com,"CSC Corporate Domains, Inc.",2026-02-04
americanewxpress.com,"CSC Corporate Domains, Inc.",2026-02-04
americanexpresds.com,"CSC Corporate Domains, Inc.",2026-02-04
americanexpreses.com,"CSC Corporate Domains, Inc.",2026-02-04
americanexpresqs.com,"CSC Corporate Domains, Inc.",2026-02-04
americanexpresws.com,"CSC Corporate Domains, Inc.",2026-02-04
americanexpresxs.com,"CSC Corporate Domains, Inc.",2026-02-04
americanexpreszs.com,"CSC Corporate Domains, Inc.",2026-02-04
americanexprewss.com,"CSC Corporate Domains, Inc.",2026-02-04
americanexprress.com,"CSC Corporate Domains, Inc.",2026-02-04
americanjexpress.com,"CSC Corporate Domains, Inc.",2026-02-04
americanrexpress.com,"CSC Corporate Domains, Inc.",2026-02-04
americansexpress.com,"CSC Corporate Domains, Inc.",2026-02-04
americanzexpress.com,"CSC Corporate Domains, Inc.",2026-02-04
americasnexpress.com,"CSC Corporate Domains, Inc.",2026-02-04
americaznexpress.com,"CSC Corporate Domains, Inc.",2026-02-04
americdanexpress.com,"CSC Corporate Domains, Inc.",2026-02-04
americzanexpress.com,"CSC Corporate Domains, Inc.",2026-02-04
amerijcanexpress.com,"CSC Corporate Domains, Inc.",2026-02-04
amerikcanexpress.com,"CSC Corporate Domains, Inc.",2026-02-04
ameriocanexpress.com,"CSC Corporate Domains, Inc.",2026-02-04
ameroicanexpress.com,"CSC Corporate Domains, Inc.",2026-02-04
amerricanexpress.com,"CSC Corporate Domains, Inc.",2026-02-04
ametricanexpress.com,"CSC Corporate Domains, Inc.",2026-02-04
amewricanexpress.com,"CSC Corporate Domains, Inc.",2026-02-04
awmericanexpress.com,"Cloudflare, Inc.",2026-02-04
qamericanexpress.com,"CSC Corporate Domains, Inc.",2026-02-04
samericanexpress.com,"CSC Corporate Domains, Inc.",2026-02-04
yamericanexpress.com,"CSC Corporate Domains, Inc.",2026-02-04
zamericanexpress.com,"CSC Corporate Domains, Inc.",2026-02-04
americanexress.com,Internet Domain Service BS Corp,2026-02-04
aericanexpress.com,Moniker Online Services LLC,2026-02-04
ameicanexpress.com,"CSC Corporate Domains, Inc.",2026-02-04
americaexpress.com,"CSC Corporate Domains, Inc.",2026-02-04
americanexpess.com,"CSC Corporate Domains, Inc.",2026-02-04
americanexpres.com,"CSC Corporate Domains, Inc.",2026-02-04
americnexpress.com,"CSC Corporate Domains, Inc.",2026-02-04
mericanexpress.com,"CSC Corporate Domains, Inc.",2026-02-04
aamericanexpress.com,"CSC Corporate Domains, Inc.",2026-02-04
americaanexpress.com,"CSC Corporate Domains, Inc.",2026-02-04
americaneexpress.com,"CSC Corporate Domains, Inc.",2026-02-04
americanexxpress.com,"CSC Corporate Domains, Inc.",2026-02-04
americcanexpress.com,"CSC Corporate Domains, Inc.",2026-02-04
ameriicanexpress.com,"CSC Corporate Domains, Inc.",2026-02-04
americabexpress.com,"eNom, LLC",2026-02-04
americanexprwss.com,"eNom, LLC",2026-02-04
ameridanexpress.com,Internet Domain Service BS Corp,2026-02-04
amrricanexpress.com,"eNom, LLC",2026-02-04
smericanexpress.com,"eNom, LLC",2026-02-04
amwricanexpress.com,"eNom, LLC",2026-02-04
amer8canexpress.com,"CSC Corporate Domains, Inc.",2026-02-04
amer9canexpress.com,"CSC Corporate Domains, Inc.",2026-02-04
americahexpress.com,"CSC Corporate Domains, Inc.",2026-02-04
american3xpress.com,"CSC Corporate Domains, Inc.",2026-02-04
american4xpress.com,"CSC Corporate Domains, Inc.",2026-02-04
americanedpress.com,"CSC Corporate Domains, Inc.",2026-02-04
americanexpfess.com,"CSC Corporate Domains, Inc.",2026-02-04
americanexpreas.com,"CSC Corporate Domains, Inc.",2026-02-04
americanexpreds.com,"CSC Corporate Domains, Inc.",2026-02-04
americanexprese.com,"CSC Corporate Domains, Inc.",2026-02-04
americanexpresx.com,"CSC Corporate Domains, Inc.",2026-02-04
americanexpresz.com,"CSC Corporate Domains, Inc.",2026-02-04
americanexprexs.com,"CSC Corporate Domains, Inc.",2026-02-04
americansxpress.com,"CSC Corporate Domains, Inc.",2026-02-04
americanwxpress.com,"CSC Corporate Domains, Inc.",2026-02-04
amerivanexpress.com,"CSC Corporate Domains, Inc.",2026-02-04
amerjcanexpress.com,"CSC Corporate Domains, Inc.",2026-02-04
amerucanexpress.com,"CSC Corporate Domains, Inc.",2026-02-04
ameircanexpress.com,"GoDaddy.com, LLC",2026-02-04
maericanexpress.com,GoDaddy Online Services Cayman Islands Ltd.,2026-02-04
aemricanexpress.com,"CSC Corporate Domains, Inc.",2026-02-04
americaenxpress.com,"CSC Corporate Domains, Inc.",2026-02-04
americanexperss.com,"CSC Corporate Domains, Inc.",2026-02-04
americanexprses.com,"CSC Corporate Domains, Inc.",2026-02-04
americnaexpress.com,"CSC Corporate Domains, Inc.",2026-02-04
amreicanexpress.com,"CSC Corporate Domains, Inc.",2026-02-04
americanexpresscom.com,"CSC Corporate Domains, Inc.",2026-02-04
amerecanexpress.com,"CSC Corporate Domains, Inc.",2026-02-04
americanixpress.com,"CSC Corporate Domains, Inc.",2026-02-04
americanoxpress.com,"CSC Corporate Domains, Inc.",2026-02-04
americunexpress.com,"CSC Corporate Domains, Inc.",2026-02-04
amiricanexpress.com,"CSC Corporate Domains, Inc.",2026-02-04
amoricanexpress.com,"CSC Corporate Domains, Inc.",2026-02-04
anthemu.com,"GoDaddy.com, LLC",2026-02-04
anthemx.com,"GoDaddy.com, LLC",2026-02-04
anthemy.com,"TurnCommerce, Inc. DBA NameBright.com",2026-02-04
anthemg.com,"GoDaddy.com, LLC",2026-02-04
anthemi.com,Dynadot Inc,2026-02-04
anthemc.com,"Media Elite Holdings Limited, S.A.",2026-02-04
inthem.com,"GoDaddy.com, LLC",2026-02-04
enthem.com,"GoDaddy.com, LLC",2026-02-04
cnthem.com,Gname.com Pte. Ltd.,2026-02-04
qnthem.com,"Alibaba Cloud Computing (Beijing) Co., Ltd.",2026-02-04
anthel.com,MarkMonitor Inc.,2026-02-04
amthem.com,Dynadot Inc,2026-02-04
anthenn.com,"CSC Corporate Domains, Inc.",2026-02-04
a-nthem.com,Gname.com Pte. Ltd.,2026-02-04
antghem.com,"Media Elite Holdings Limited, S.A.",2026-02-04
yanthem.com,"GoDaddy.com, LLC",2026-02-04
anrthem.com,"Media Elite Holdings Limited, S.A.",2026-02-04
nthem.com,OpusDNS GmbH,2026-02-04
athem.com,GoDaddy Online Services Cayman Islands Ltd.,2026-02-04
abthem.com,"22net, Inc.",2026-02-04
antgem.com,Dynadot Inc,2026-02-04
anth3m.com,DomainSprouts.com LLC,2026-02-04
a.nthem.com,Not Found,2026-02-04
anhtem.com,Dynadot Inc,2026-02-04
anthme.com,"GoDaddy.com, LLC",2026-02-04
atnhem.com,Internet Domain Service BS Corp,2026-02-04
antehm.com,"CSC Corporate Domains, Inc.",2026-02-04
onthem.com,"TurnCommerce, Inc. DBA NameBright.com",2026-02-04
unthem.com,MarkMonitor Inc.,2026-02-04
anthropica.com,Mesh Digital Limited,2026-02-04
anthropich.com,"GoDaddy.com, LLC",2026-02-04
anthropico.com,"GoDaddy.com, LLC",2026-02-04
anthropic0.com,"Cloudflare, Inc.",2026-02-04
anthropicc.com,Alibaba Cloud Computing Ltd. d/b/a HiChina (www.net.cn),2026-02-04
anthropicx.com,"Hefei Juming Network Technology Co., Ltd",2026-02-04
inthropic.com,"GoDaddy.com, LLC",2026-02-04
anthropis.com,One.com A/S,2026-02-04
anthroopic.com,"Cloudflare, Inc.",2026-02-04
qanthropic.com,"Gabia, Inc.",2026-02-04
anthropc.com,"Cloudflare, Inc.",2026-02-04
anthropi.com,"TurnCommerce, Inc. DBA NameBright.com",2026-02-04
anthropix.com,"TurnCommerce, Inc. DBA NameBright.com",2026-02-04
anthro.pic.com,Not Found,2026-02-04
anthropec.com,"GoDaddy.com, LLC",2026-02-04
onthropic.com,"GoDaddy.com, LLC",2026-02-04
appleo.com,"22net, Inc.",2026-02-04
appleq.com,"ConnectWave co.,Ltd",2026-02-04
appler.com,"GoDaddy.com, LLC",2026-02-04
applep.com,"22net, Inc.",2026-02-04
appleh.com,Alibaba Cloud Computing Ltd. d/b/a HiChina (www.net.cn),2026-02-04
applem.com,"Alibaba Cloud Computing (Beijing) Co., Ltd.",2026-02-04
apple0.com,"22net, Inc.",2026-02-04
appleu.com,Alibaba Cloud Computing Ltd. d/b/a HiChina (www.net.cn),2026-02-04
applev.com,Alibaba Cloud Computing Ltd. d/b/a HiChina (www.net.cn),2026-02-04
apple5.com,Web Commerce Communications Limited dba WebNic.cc,2026-02-04
appley.com,Squarespace Domains II LLC,2026-02-04
apple3.com,Internet Domain Service BS Corp,2026-02-04
applez.com,"Spaceship, Inc.",2026-02-04
apple1.com,Tucows Domains Inc.,2026-02-04
apple6.com,Web Commerce Communications Limited dba WebNic.cc,2026-02-04
applea.com,"Alibaba Cloud Computing (Beijing) Co., Ltd.",2026-02-04
applei.com,Alibaba Cloud Computing Ltd. d/b/a HiChina (www.net.cn),2026-02-04
appla.com,Nom-iq Ltd. dba COM LAUDE,2026-02-04
axple.com,Nom-iq Ltd. dba COM LAUDE,2026-02-04
applm.com,July Name Limited,2026-02-04
appme.com,"Spaceship, Inc.",2026-02-04
apphe.com,"Media Elite Holdings Limited, S.A.",2026-02-04
appld.com,MarkMonitor Inc.,2026-02-04
applu.com,MarkMonitor Inc.,2026-02-04
aprle.com,Nom-iq Ltd. dba COM LAUDE,2026-02-04
apxle.com,Nom-iq Ltd. dba COM LAUDE,2026-02-04
aqple.com,Nom-iq Ltd. dba COM LAUDE,2026-02-04
arple.com,MarkMonitor Inc.,2026-02-04
atple.com,MarkMonitor Inc.,2026-02-04
cpple.com,Nom-iq Ltd. dba COM LAUDE,2026-02-04
ipple.com,Nom-iq Ltd. dba COM LAUDE,2026-02-04
qpple.com,MarkMonitor Inc.,2026-02-04
xn--80ak6aa92e.com,"Spaceship, Inc.",2026-02-04
xn--ppl-dla7b.com,"Webempresa Europa, S.L.",2026-02-04
xn--pple-4na.com,Dynadot Inc,2026-02-04
xn--appi-ou5a.com,"Sav.com, LLC",2026-02-04
xn--ppl-8ka2z.com,"GoDaddy.com, LLC",2026-02-04
xn--pple-koa.com,"GoDaddy.com, LLC",2026-02-04
xn--appl-3zb.com,"GoDaddy.com, LLC",2026-02-04
xn--pple-9na.com,"GoDaddy.com, LLC",2026-02-04
xn--pple-poa.com,"GoDaddy.com, LLC",2026-02-04
xn--appe-x0a.com,Hosting Concepts B.V. d/b/a Registrar.eu,2026-02-04
xn--appl-8oa.com,Hosting Concepts B.V. d/b/a Registrar.eu,2026-02-04
xn--appl-epa.com,Hosting Concepts B.V. d/b/a Registrar.eu,2026-02-04
xn--appl-opa.com,Hosting Concepts B.V. d/b/a Registrar.eu,2026-02-04
xn--appe-7w5a.com,"Sav.com, LLC",2026-02-04
xn--pple-psa.com,"Name.com, Inc.",2026-02-04
applc.com,"TurnCommerce, Inc. DBA NameBright.com",2026-02-04
xn--appe-21a.com,Nom-iq Ltd. dba COM LAUDE,2026-02-04
xn--appl-8va.com,MarkMonitor Inc.,2026-02-04
xn--appl-eva.com,MarkMonitor Inc.,2026-02-04
xn--appl-ou5a.com,MarkMonitor Inc.,2026-02-04
xn--appl-yva.com,MarkMonitor Inc.,2026-02-04
xn--ppl-hpa7g.com,Nom-iq Ltd. dba COM LAUDE,2026-02-04
xn--ppl-rgzsf.com,"Sav.com, LLC",2026-02-04
xn--pple-zna.com,MarkMonitor Inc.,2026-02-04
a-pple.com,MarkMonitor Inc.,2026-02-04
app-le.com,MarkMonitor Inc.,2026-02-04
awpple.com,"Cloudflare, Inc.",2026-02-04
applle.com,Nom-iq Ltd. dba COM LAUDE,2026-02-04
qapple.com,Nom-iq Ltd. dba COM LAUDE,2026-02-04
aopple.com,"eName Technology Co., Ltd.",2026-02-04
2apple.com,Alibaba Cloud Computing Ltd. d/b/a HiChina (www.net.cn),2026-02-04
apploe.com,Above.com Pty Ltd.,2026-02-04
azpple.com,Squarespace Domains II LLC,2026-02-04
aspple.com,Above.com Pty Ltd.,2026-02-04
ap0ple.com,Nom-iq Ltd. dba COM LAUDE,2026-02-04
apmple.com,Nom-iq Ltd. dba COM LAUDE,2026-02-04
appmle.com,Nom-iq Ltd. dba COM LAUDE,2026-02-04
pple.com,"GoDaddy.com, LLC",2026-02-04
aple.com,Nom-iq Ltd. dba COM LAUDE,2026-02-04
appe.com,EuroDNS S.A.,2026-02-04
appsle.com,"eName Technology Co., Ltd.",2026-02-04
wpple.com,"NameCheap, Inc.",2026-02-04
appl4.com,Key-Systems GmbH,2026-02-04
2pple.com,"GoDaddy.com, LLC",2026-02-04
aople.com,"Spaceship, Inc.",2026-02-04
appke.com,Nom-iq Ltd. dba COM LAUDE,2026-02-04
applw.com,Nom-iq Ltd. dba COM LAUDE,2026-02-04
zpple.com,Nom-iq Ltd. dba COM LAUDE,2026-02-04
aplle.com,"NameSilo, LLC",2026-02-04
1pple.com,Nom-iq Ltd. dba COM LAUDE,2026-02-04
appoe.com,Internet Domain Service BS Corp,2026-02-04
ypple.com,"GoDaddy.com, LLC",2026-02-04
spple.com,"Media Elite Holdings Limited, S.A.",2026-02-04
app.le.com,Not Found,2026-02-04
appel.com,BoteroSolutions.com S.A.,2026-02-04
athene7.com,Tucows Domains Inc.,2026-02-04
athene5.com,"GoDaddy.com, LLC",2026-02-04
athenee.com,"GoDaddy.com, LLC",2026-02-04
athenek.com,Porkbun LLC,2026-02-04
athenne.com,"GoDaddy.com, LLC",2026-02-04
athgene.com,"GoDaddy.com, LLC",2026-02-04
athenme.com,Gname.com Pte. Ltd.,2026-02-04
athne.com,"TurnCommerce, Inc. DBA NameBright.com",2026-02-04
at.hene.com,Not Found,2026-02-04
tahene.com,"GoDaddy.com, LLC",2026-02-04
othene.com,Hosting Concepts B.V. d/b/a Registrar.eu,2026-02-04
atheno.com,"GoDaddy.com, LLC",2026-02-04
atlassians.com,"GoDaddy.com, LLC",2026-02-04
atlassiann.com,"Omnis Network, LLC",2026-02-04
atlassian0.com,OVH sas,2026-02-04
adlassian.com,"NameCheap, Inc.",2026-02-04
atiasslan.com,Realtime Register B.V.,2026-02-04
atlasslan.com,MarkMonitor Inc.,2026-02-04
atlasssian.com,MarkMonitor Inc.,2026-02-04
atlassioan.com,Dynadot Inc,2026-02-04
atlassia.com,"SNAPNAMES 94, LLC",2026-02-04
atlasian.com,MarkMonitor Inc.,2026-02-04
attlassian.com,MarkMonitor Inc.,2026-02-04
atlassiab.com,DropCatch.com 578 LLC,2026-02-04
atlassoan.com,DropCatch.com 1140 LLC,2026-02-04
atlas.sian.com,Not Found,2026-02-04
atlassina.com,"TurnCommerce, Inc. DBA NameBright.com",2026-02-04
atlassain.com,MarkMonitor Inc.,2026-02-04
atlassion.com,Dynadot Inc,2026-02-04
atomicwallets.io,"NameSilo, LLC",2026-02-04
atomikwallet.io,Web Commerce Communications Limited dba WebNic.cc,2026-02-04
atomlcwallet.io,"NameSilo, LLC",2026-02-04
atomicvvallet.io,Hosting Concepts B.V. d/b/a Registrar.eu,2026-02-04
xn--atomicwallt-kbb.io,Dynadot Inc,2026-02-04
atomicwaiiet.io,PDR Ltd. d/b/a PublicDomainRegistry.com,2026-02-04
atomicwall.et.io,Not Found,2026-02-04
atomicwal.let.io,Not Found,2026-02-04
aws.amazon.com,Not Found,2026-02-04
aws.amazon0.com,Not Found,2026-02-04
aws.amazon3.com,Not Found,2026-02-04
aws.amazon4.com,Not Found,2026-02-04
aws.amazon5.com,Not Found,2026-02-04
aws.amazon6.com,Not Found,2026-02-04
aws.amazon8.com,Not Found,2026-02-04
aws.amazond.com,Not Found,2026-02-04
aws.amazonz.com,Not Found,2026-02-04
aws.amazona.com,Not Found,2026-02-04
aws.amazon7.com,Not Found,2026-02-04
aws.imazon.com,Not Found,2026-02-04
aws.amajon.com,Not Found,2026-02-04
aws.emazon.com,Not Found,2026-02-04
aws.xn--amazo-km1b.com,Not Found,2026-02-04
aws.anazor.com,Not Found,2026-02-04
aws.amazor.com,Not Found,2026-02-04
aws.xn--mazon-qqa.com,Not Found,2026-02-04
aws.arazon.com,Not Found,2026-02-04
aws.xn--amazn-v9a.com,Not Found,2026-02-04
aws.xn--amazn-9ta.com,Not Found,2026-02-04
aws.xn--amzn-6na3i.com,Not Found,2026-02-04
aws.amazom.com,Not Found,2026-02-04
aws.anazom.com,Not Found,2026-02-04
aws.xn--amzon-hra.com,Not Found,2026-02-04
aws.xn--amz0n-sqa.com,Not Found,2026-02-04
aws.a-mazon.com,Not Found,2026-02-04
aws.amaz-on.com,Not Found,2026-02-04
aws.almazon.com,Not Found,2026-02-04
aws.amaz6on.com,Not Found,2026-02-04
aws.amazgon.com,Not Found,2026-02-04
aws.amazuon.com,Not Found,2026-02-04
aws.amsazon.com,Not Found,2026-02-04
aws.amwazon.com,Not Found,2026-02-04
aws.zamazon.com,Not Found,2026-02-04
aws.amaon.com,Not Found,2026-02-04
aws.aazon.com,Not Found,2026-02-04
aws.amaton.com,Not Found,2026-02-04
aws.ama6on.com,Not Found,2026-02-04
aws.ama7on.com,Not Found,2026-02-04
aws.amyzon.com,Not Found,2026-02-04
aws.apazon.com,Not Found,2026-02-04
aws.ymazon.com,Not Found,2026-02-04
aws.amaz.on.com,Not Found,2026-02-04
aws.am.azon.com,Not Found,2026-02-04
aws-amazon.com,MarkMonitor Inc.,2026-02-04
awsamazon.com,MarkMonitor Inc.,2026-02-04
aws.omazon.com,Not Found,2026-02-04
aws.amazen.com,Not Found,2026-02-04
azurea.com,Dynadot Inc,2026-02-04
azure1.com,"TurnCommerce, Inc. DBA NameBright.com",2026-02-04
azure5.com,DropCatch.com 684 LLC,2026-02-04
azure7.com,"TurnCommerce, Inc. DBA NameBright.com",2026-02-04
azurei.com,"TurnCommerce, Inc. DBA NameBright.com",2026-02-04
azurek.com,"TurnCommerce, Inc. DBA NameBright.com",2026-02-04
azurex.com,"GoDaddy.com, LLC",2026-02-04
azurey.com,"TurnCommerce, Inc. DBA NameBright.com",2026-02-04
azureo.com,"GoDaddy.com, LLC",2026-02-04
azureu.com,Squarespace Domains II LLC,2026-02-04
azures.com,"GoDaddy.com, LLC",2026-02-04
azuref.com,Alibaba Cloud Computing Ltd. d/b/a HiChina (www.net.cn),2026-02-04
azurev.com,Alibaba Cloud Computing Ltd. d/b/a HiChina (www.net.cn),2026-02-04
azure2.com,"GoDaddy.com, LLC",2026-02-04
azure3.com,"GoDaddy.com, LLC",2026-02-04
azuren.com,Annulet LLC,2026-02-04
azurew.com,"Alibaba Cloud Computing (Beijing) Co., Ltd.",2026-02-04
azure0.com,"Wild West Domains, LLC",2026-02-04
azube.com,"TurnCommerce, Inc. DBA NameBright.com",2026-02-04
ajure.com,"GoDaddy.com, LLC",2026-02-04
azuze.com,"GoDaddy.com, LLC",2026-02-04
azupe.com,"NameCheap, Inc.",2026-02-04
azurg.com,"DreamHost, LLC",2026-02-04
czure.com,DropCatch.com 1377 LLC,2026-02-04
ezure.com,Epik LLC,2026-02-04
arure.com,InterNetX GmbH,2026-02-04
izure.com,InterNetX GmbH,2026-02-04
xn--azur-opa.com,"GoDaddy.com, LLC",2026-02-04
xn--zure-4na.com,"GoDaddy.com, LLC",2026-02-04
xn--zure-koa.com,"GoDaddy.com, LLC",2026-02-04
azuure.com,"DNC Holdings, Inc.",2026-02-04
azurde.com,"TurnCommerce, Inc. DBA NameBright.com",2026-02-04
ahzure.com,"GoDaddy.com, LLC",2026-02-04
yazure.com,Alibaba Cloud Computing Ltd. d/b/a HiChina (www.net.cn),2026-02-04
azzure.com,"GoDaddy.com, LLC",2026-02-04
azture.com,"GoDaddy.com, LLC",2026-02-04
azsure.com,"GoDaddy.com, LLC",2026-02-04
aezure.com,Tucows Domains Inc.,2026-02-04
azaure.com,"Media Elite Holdings Limited, S.A.",2026-02-04
agzure.com,"Network Solutions, LLC",2026-02-04
azue.com,InterNetX GmbH,2026-02-04
szure.com,Alibaba Cloud Computing Ltd. d/b/a HiChina (www.net.cn),2026-02-04
azurw.com,Alibaba Cloud Computing Ltd. d/b/a HiChina (www.net.cn),2026-02-04
ahure.com,"Cosmotown, Inc.",2026-02-04
aeure.com,"TurnCommerce, Inc. DBA NameBright.com",2026-02-04
agure.com,"TurnCommerce, Inc. DBA NameBright.com",2026-02-04
azurz.com,"DreamHost, LLC",2026-02-04
azude.com,"Spaceship, Inc.",2026-02-04
azuee.com,Dynadot Inc,2026-02-04
azurs.com,Nikko Reg LLP,2026-02-04
a7ure.com,"Ascio Technologies, Inc. Danmark - Filial af Ascio technologies, Inc. USA",2026-02-04
asure.com,Nom-iq Ltd. dba COM LAUDE,2026-02-04
wzure.com,"NameCheap, Inc.",2026-02-04
auzre.com,"GoDaddy.com, LLC",2026-02-04
azurecom.com,"TurnCommerce, Inc. DBA NameBright.com",2026-02-04
ozure.com,"Register.com - Network Solutions, LLC",2026-02-04
azare.com,"GoDaddy.com, LLC",2026-02-04
azuri.com,"GoDaddy.com, LLC",2026-02-04
azore.com,"GoDaddy.com, LLC",2026-02-04
bankofamericab.com,"GoDaddy.com, LLC",2026-02-04
bankofamericad.com,"GoDaddy.com, LLC",2026-02-04
bankofamericaf.com,"GoDaddy.com, LLC",2026-02-04
bankofamericag.com,"GoDaddy.com, LLC",2026-02-04
bankofamericah.com,"GoDaddy.com, LLC",2026-02-04
bankofamericaj.com,"GoDaddy.com, LLC",2026-02-04
bankofamericap.com,"GoDaddy.com, LLC",2026-02-04
bankofamericaw.com,"GoDaddy.com, LLC",2026-02-04
bankofamericay.com,"GoDaddy.com, LLC",2026-02-04
bankofamericaz.com,"GoDaddy.com, LLC",2026-02-04
bankofamericas.com,"CSC Corporate Domains, Inc.",2026-02-04
bankofamericaa.com,"Media Elite Holdings Limited, S.A.",2026-02-04
bankofamericat.com,"Cloudflare, Inc.",2026-02-04
bankofamerica0.com,"Cloudflare, Inc.",2026-02-04
bankofamerica1.com,"CSC Corporate Domains, Inc.",2026-02-04
bankofamerica5.com,"CSC Corporate Domains, Inc.",2026-02-04
bankofamericae.com,"CSC Corporate Domains, Inc.",2026-02-04
