keyword,count
just,1359
moment,1337
online,783
casino,708
email,683
sale,660
cloudflare,646
required,493
attention,481
coming,457
soon,456
hugedomains,417
loading,413
information,383
your,369
resources,362
game,262
plataforma,256
oficial,252
health,247
temporary,234
mail,228
free,219
disposable,209
2026,201
8211,183
login,172
slot,163
registered,156
name,154
play,152
more,146
protected,145
markmonitor,144
browser,142
solutions,141
before,139
platform,136
checking,136
accessing,133
apostas,130
trang,130
services,122
minutes,118
offers,117
games,116
system,115
registrations,114
with,114
download,110
