ASN,Name,Country
AS3379,"KAISER-NCAL, US",US
AS61098,"EXOSCALE, CH",CH
AS513,"CERN, CH",CH
AS51852,"PLI-AS, PA",PA
AS6696,"VERIXI, BE",BE
AS63018,"DEDICATED, US",US
AS59729,"ITL-BG, US",US
AS212508,"LOWHOSTING-AS, IT",IT
AS63930,"READYSERVER-SG READY SERVER PTE LTD, SG",SG
AS329,"DNIC-ASBLK-00306-00371, US",US
AS122,"UPMC-AS122, US",US
AS4855,"PI-ID-AS-AP Pacific Link Indonesia, ID",ID
AS39608,"LANETUA-AS, UA",UA
AS51744,"ASJABLONKA, CZ",CZ
AS33796,"BNAA-AS, DK",DK
AS2024,"NU, US",US
AS21607,"LAZERWARE-INC, US",US
AS50979,"ITL-LV, US",US
AS400,"AFCONC-BLOCK1-AS, US",US
AS8612,"TISCALI-, IT",IT
AS10961,"BGP-AS, US",US
AS39727,"ZZI-AS ZZIs AS Number, SI",SI
AS51538,"TEKCOM, RU",RU
AS173,"NTTECL-AS Nippon Telegraph and Telephone Corporation, JP",JP
AS2067,"THDOC reseau regional tres haut debit dOccitanie, EU",EU
AS596,"CENTURYLINK-LEGACY-LVLT-596, US",US
AS683,"ARGONNE-AS, US",US
AS7203,"LEASEWEB-USA-SFO, US",US
AS1996,"ASN1, US",US
AS136258,"ONEPROVIDER-AS BrainStorm Network, Inc, CA",CA
AS47583,"AS-HOSTINGER, CY",CY
AS25596,"CAMBRIUM-AS, NL",NL
AS118,"DNIC-AS-00118, US",US
AS132335,"LEAPSWITCH-IN-AS-AP LEAPSWITCH NETWORKS PRIVATE LIMITED, IN",IN
AS205544,"LEASEWEB-UK-LON-11, GB",GB
AS43150,"IQOM-BUSINESS-AS, DE",DE
AS52,"UCLA, US",US
AS14203,"JUNIPER-NETWORKS, US",US
AS207560,"VIKHOST, UA",UA
AS14078,"VOICENETPULSE-TELECOM, CA",CA
AS4647,"CENTRANETWORKS-AU Centra Networks, AU",AU
AS1315,"IPFS, US",US
AS320,"DNIC-ASBLK-00306-00371, US",US
AS20168,"AM-US-AMER-PRECOR-PRECO-11, US",US
AS45045,"GOODNET-AS, UA",UA
AS31736,"SENSELAN-AS senseLAN GmbH, CH",CH
AS49770,"INTERNETPORT-AS, SE",SE
AS35277,"LLHOST-INC-SRL, ZZ",
AS3551,"Universidad Tecnologica de Panama, PA",PA
AS210558,"SERVICES-1337-GMBH 1337-SERVICES-GMBH-NETWORK, DE",DE
AS133398,"TELE-AS Tele Asia Limited, HK",HK
AS2110,"AS-BTIRE BT Ireland was previously known as Esat Net, EUnet Ireland & IEUnet., IE",IE
AS1904,"DNIC-AS-01904, US",US
AS441,"AFCONC-BLOCK1-AS, US",US
AS52228,"Cable Tica, CR",CR
AS156,"NORTHEASTERN-GW-AS, US",US
AS39953,"HRBL-LAX-INTERNET-BGP, US",US
AS39508,"C07-AS, AT",AT
AS41608,"NEXTGENWEBS-NL, ES",ES
AS39948,"INIT-PHX, US",US
AS51177,"THCPROJECTS, RO",RO
AS5408,"GR-NET www.grnet.gr, GR",GR
AS63199,"CDSC-AS1, US",US
AS62240,"CLOUVIDER Clouvider - Global ASN, GB",GB
AS199118,"HPLS-AS, DE",DE
AS286,"KPN, US",US
AS24872,"MAGNUS-AS, UA",UA
AS39614,"DAWICO, DE",DE
AS1273,"CW Vodafone Group PLC, EU",EU
AS19809,"ASNBLK-VTLA2, US",US
AS55592,"KDT-AS-KR Korea Data Telecommunication Co., Ltd., KR",KR
AS399486,"VIRTUO, CA",CA
AS398395,"LEVELONESERVERS, US",US
AS4637,"ASN-TELSTRA-GLOBAL Telstra Global, HK",HK
AS3477,"NOAA-NWAVE, US",US
AS6327,"SHAW, CA",CA
AS4410,"CREDITSUISSEGROUP-AS Credit Suisse Group, CH",CH
AS159,"OSUNET-AS, US",US
AS131,"UCSB-NET-AS, US",US
AS5607,"BSKYB-BROADBAND-AS, GB",GB
AS3249,"ESTPAK, EE",EE
AS205727,"ARUBAPL-AS, IT",IT
AS12576,"EE Ltd, GB",GB
AS21063,"RANTZAU-GRUPPE-AS, DE",DE
AS2864,"ALJASKA-AS, UA",UA
AS1653,"SUNET SUNET Swedish University Network, EU",EU
AS57494,"ADMAN-AS, RU",RU
AS52048,"RIXHOST, LV",LV
AS5378,"Vodafone, GB",GB
AS54329,"SUMOFIBER-54329, US",US
AS34927,"IFOG-GMBH, CH",CH
AS14199,"QED, US",US
AS2089,"FR-MAN-CAEN FR, EU",EU
AS5385,"RUSSMEDIA-IT, AT",AT
AS45,"LLL-TIS-AS, US",US
AS63806,"MENHERA Human-life Information Platforms Institute, JP",JP
AS109,"CISCOSYSTEMS, US",US
AS398242,"PCEPA, US",US
AS399122,"AS-VPSHOUSE, US",US
AS3218,"COSMOS-3218-AS AS-COSMOS root, RU",RU
AS211215,"FIBERNET, FI",FI
AS64425,"-Reserved AS-, ZZ",
AS42730,"EVANZOAS, DE",DE
AS206774,"INETBOLAGET, SE",SE
AS40068,"NEOVERA-AS40068, US",US
AS33588,"BRESNAN-33588, US",US
AS17547,"M1NET-SG-AP M1 NET LTD, SG",SG
AS56322,"SERVERASTRA-AS, HU",HU
AS210644,"AEZA-AS, GB",GB
AS3265,"XS4ALL-NL Amsterdam, NL",NL
AS212477,"ROYALE-AS, NL",NL
AS9931,"NTPCL-AS-AP National Telecom Public Company Limited, TH",TH
AS53184,"VERO S.A, BR",BR
AS197922,"TECHCREA-SOLUTIONS, FR",FR
AS4,"ISI-AS, US",US
AS1407,"QUOTEMEDIA, US",US
AS44050,"PIN-AS, RU",RU
AS12637,"SEEWEB Web hosting, colocation and cloud services, IT",IT
AS15728,"RMF-KRAKOW-, PL",PL
AS27323,"SERVERSTADIUM, US",US
AS34971,"PDDA-AS, IT",IT
AS12337,"NORIS-NETWORK IT Service Provider located in Nuernberg, Germany, DE",DE
AS18106,"VIEWQWEST-SG-AP Viewqwest Pte Ltd, SG",SG
AS21252,"NIKOIL-AS Bank IT Departament, RU",RU
AS210083,"PRIVEX, BZ",BZ
AS41436,"CLOUDWEBMANAGE-EU, US",US
AS571,"DNIC-AS-00571, US",US
AS8151,"UNINET, MX",MX
AS1754,"DESY-HAMBURG, DE",DE
AS19318,"IS-AS-1, US",US
AS396982,"GOOGLE-CLOUD-PLATFORM, US",US
AS32133,"AS-TING-BACKBONE, US",US
AS397270,"NETINF-TRANSIT-AS, US",US
AS50304,"BLIX, NO",NO
AS394711,"KORGRID, US",US
AS3685,"BUFFALO-ASN, US",US
AS12732,"GUTCON-NET Carrier51 GmbH, GutCon GmbH, DE",DE
AS40077,"-Reserved AS-, ZZ",
AS51765,"CREANOVA-AS Oy Creanova Hosting Solutions Ltd., FI",FI
AS198161,"CZ-SUAS, CZ",CZ
AS202422,"GHOST, LU",LU
AS776,"FR-INRIA-SOPHIA INRIA Sophia-Antipolis, EU",EU
AS40075,"RADIOLOGYLTD-ASN, US",US
AS16302,"SUOMICOMMUNICATIONS, FI",FI
AS59,"WISC-MADISON-AS, US",US
AS2611,"BELNET, BE",BE
AS264,"SRINET-AS, US",US
AS1248,"HERE, NL",NL
AS21227,"OLIKA Location: Sweden, SE",SE
AS543,"HP-POLY, US",US
AS2906,"AS-SSI, US",US
AS51248,"HOST-TELECOM, CZ",CZ
AS200713,"FREY-AS, CH",CH
AS8873,"WBERGNET, SE",SE
AS29695,"ALTIBOX_AS Norway, NO",NO
AS30600,"AS-CMN, US",US
AS39251,"NETGUARD, BG",BG
AS58212,"DATAFOREST, DE",DE
AS20766,"GITOYEN-MAIN-AS The main Autonomous System of Gitoyen Paris, France., FR",FR
AS35366,"ISPPRO-AS ISPPRO-AS covers the networks of ISPpro, DE",DE
AS23655,"TWODEGREES-NZ-AS 2degrees Networks Limited, NZ",NZ
AS43180,"TRUNKNETWORKS-AS, SC",SC
AS49601,"UNITEL-MEDIA, PL",PL
AS3060,"SC-YORKTECH, US",US
AS23889,"MauritiusTelecom, MU",MU
AS20960,"TKTELEKOM-AS, PL",PL
AS9371,"SAKURA-C SAKURA Internet Inc., JP",JP
AS3352,"TELEFONICA_DE_ESPANA, ES",ES
AS5603,"SIOL-NET Telekom Slovenije d.d., SI",SI
AS1133,"UTWENTE-AS University Twente, NL",NL
AS209641,"I-SERVERS-EAST, GB",GB
AS7029,"WINDSTREAM, US",US
AS20,"UR, US",US
AS21,"RAND, US",US
AS20302,"CITY-OF-PALM-COAST, US",US
AS20820,"ASN-CJD-NET, RO",RO
AS197540,"NETCUP-AS netcup GmbH, DE",DE
AS399532,"ULAYER-AS, US",US
AS49855,"PLUTEX, DE",DE
AS2041,"STNORBERTCOLLEGE, US",US
AS21473,"PFALZKOM Pfalzkom GmbH, DE",DE
AS886,"SBH-IX-SERVICES, FR",FR
AS50340,"SELECTEL-MSK, RU",RU
AS3242,"ASN-ITNET, IT",IT
AS199765,,
AS203,"CENTURYLINK-LEGACY-LVLT-203, US",US
AS13285,"OPALTELECOM-AS TalkTalk Communications Limited, GB",GB
AS85,"AERO-NET, US",US
AS21032,"TELTA-AS, DE",DE
AS39636,"ASN-AEMNET, IT",IT
AS19754,"FNL-33-19754, US",US
AS48438,"CORBINA-AS, UA",UA
AS205365,"FETZER, DE",DE
AS22987,"BRIGHTRIDGE, US",US
AS9066,"BCC Hinter dem Turme 12, DE",DE
AS39819,"PROHOST, KG",KG
AS328366,"FirstnetTechnology-AS, ZA",ZA
AS197566,"ASOKNET, CZ",CZ
AS20372,"GOBIERNOPR-AS, PR",PR
AS291,"ESNET-EAST, US",US
AS2107,"ARNES-NET Academic and Research Network of Slovenia, SI",SI
AS14618,"AMAZON-AES, US",US
AS209825,"IBNET IBNET ISP AS, UA",UA
AS60602,"INOVARE-AS str. Uzinelor 21 of. 37, MD",MD
AS22639,"COOPTEL-AS-01, CA",CA
AS3614,"DELL-BLK, US",US
AS13469,"STINGRAY GROUP INC, CA",CA
AS606,"SCHAT-AS, US",US
AS34224,"NETERRA-AS, BG",BG
AS17858,"POWERVIS-AS-KR LG POWERCOMM, KR",KR
AS19165,"WEBPASS, US",US
AS7489,"HOSTUS-GLOBAL-AS HostUS, HK",HK
AS1411,"CHRISTOPHER-NEWPORT-UNIVERSITY, US",US
AS2857,"RLP-NET, DE",DE
AS25052,"OMC-ASN, IL",IL
AS1321,"ANSBB-ASNNET-1, US",US
AS149,"DNIC-AS-00149, US",US
AS61275,"ASN-NEAS, NO",NO
AS16904,"ARVIG-16904, US",US
AS1241,"FORTHNET-GR Forthnet, GR",GR
AS20091,"MARTINSVILLE-VA, US",US
AS49581,"FERDINANDZINK, DE",DE
AS328,"DNIC-ASBLK-00306-00371, US",US
AS406,"AFCONC-BLOCK1-AS, US",US
AS19885,"ISOCENTRIC, US",US
AS208208,"CYBERSE Cyberse GmbH & Co. KG, DE",DE
AS4128,"RGNET-DFW RGnet Dallas Equinix, EE",EE
AS511,"PRISMA HEALTH, US",US
AS204770,"CHERRYSERVERS3-AS, LT",LT
AS39927,"ELIGHT-AS, RU",RU
AS134351,"LEASEWEB-AS-AP Leaseweb Japan K.K., JP",JP
AS207916,"VELOCITY1UK, GB",GB
AS49532,"SERVERHUB-NL, US",US
AS42473,"AS-ANEXIA ANEXIA Internetdienstleistungs GmbH, AT",AT
AS7016,"CCCH-3, US",US
AS300,"DNIC-AS-00300, US",US
AS8829,"ELMONET-AS, FI",FI
AS20771,"CAUCASUS-CABLE-SYSTEM CCS Autonomous System, GE",GE
AS8447,"A1TELEKOM-AT A1 Telekom Austria AG, AT",AT
AS1360,"MEWS-04, US",US
AS199967,"THINK-HUGE, HK",HK
AS21508,"COMCAST-21508, US",US
AS11492,"CABLEONE, US",US
AS26527,"LIGHTWAVE-NETWORKS, US",US
AS4583,"THOMSON-REUTERS, US",US
AS205,"MONTCLAIR-AS, US",US
AS216063,"TWENTYFOURFIRE, DE",DE
AS39572,"ADVANCEDHOSTERS-AS, NL",NL
AS48678,"TR-PENTECH-AS, TR",TR
AS5632,"GORDONCOLLEGE, US",US
AS112,"AS112-PROJECT, US",US
AS349,"DNIC-ASBLK-00306-00371, US",US
AS843,"F5-XC-NAE, US",US
AS12083,"WOW-INTERNET, US",US
AS24971,"MASTER-AS Czech Republic www.master.cz, CZ",CZ
AS23033,"WOW, US",US
AS30058,"FDCSERVERS, US",US
AS64073,"VETTA Vetta Online Ltd, NZ",NZ
AS63473,"HOSTHATCH, US",US
AS20510,"NEXUM-AS Hungary, HU",HU
AS6112,"AUBURN, US",US
AS4503,"EGINTERLINK, US",US
AS13693,"NTS-ONLINE, US",US
AS58329,"SERVINGA-NL, DE",DE
AS201011,"CORE-BACKBONE CORE-BACKBONE GMBH GLOBAL NETWORK, DE",DE
AS16125,"CHERRYSERVERS1-AS, LT",LT
AS206125,"TIMNET, FI",FI
AS4470,"ASN-CITENET, CA",CA
AS555,"VTSII, US",US
AS5572,"BOTIK Public network of Pereslavl-Zalessky, RU",RU
AS57191,"ITB-AS, RU",RU
AS49889,"CRYSTAL-AS, UA",UA
AS60729,"TORSERVERS-NET, DE",DE
AS35432,"CABLENET-AS, CY",CY
AS42831,"UKSERVERS-AS UK Dedicated Servers, Hosting and Co-Location, GB",GB
AS323,"DNIC-ASBLK-00306-00371, US",US
AS203003,"MAGNA-CAPAX, FI",FI
AS28725,"CETIN-AS, CZ",CZ
AS216071,"VDSINA, AE",AE
AS58294,"CLOUDWALL, BG",BG
AS2013,"PACIFIC-GAS, US",US
AS1303,"FR-IDRIS-ORSAY FR, EU",EU
AS212271,"C1V Internet Service Provider in Italy, IT",IT
AS12876,"Online SAS, FR",FR
AS355,"DNIC-ASBLK-00306-00371, US",US
AS2140,"KYN-GTS, US",US
AS36077,"MEMC-1, US",US
AS26068,"ONSH-NET-CHGO-BLK01, US",US
AS20495,"WEDARE wd6.NET B.V, NL",NL
AS44134,"BOLIGNET-AS - - - Transit - - -, DK",DK
AS8632,"LOL-AS lu, LU",LU
AS211409,"PRIMEFILTER, GB",GB
AS39824,"ALMANET-AS, KZ",KZ
AS4224,"CALYX-AS, US",US
AS16086,"DNA, FI",FI
AS24875,"NOVOSERVE-AS, NL",NL
AS29691,"NINE, CH",CH
AS42675,"OBEHOSTING Obehosting AB, SE",SE
AS5483,"MAGYAR-TELEKOM-MAIN-AS Magyar Telekom Nyrt., HU",HU
AS202585,"BGP-RODEO bgp.rodeo, NL",NL
AS6315,"XMISSION, US",US
AS6752,"ANDORRA Andorra Telecom, AD",AD
AS53667,"PONYNET, US",US
AS16591,"GOOGLE-FIBER, US",US
AS8758,"IWAY, CH",CH
AS17931,"NETFOREST Netforest,Inc., JP",JP
AS202914,"ADEODC, DK",DK
AS20213,"GIFFORD-WIRELESS, US",US
AS2462,"FR-U-ANGERS ASNBLOCK2, EU",EU
AS200519,"NYNEX-FIBERONE NYNEX fiberONE, DE",DE
AS3968,"El Colegio de Mexico, A.C., MX",MX
AS19816,"NCSDATACOM, US",US
AS20344,"BILLERICAPS-MA-ASN, US",US
AS26400,"IAMOTEL, US",US
AS9087,"RACKDOG-EU, US",US
AS21274,"BAS-NET-AS, BY",BY
AS205449,"DEVNET, FI",FI
AS229,"MERIT-AS-6, US",US
AS27651,"ENTEL CHILE S.A., CL",CL
AS1208,"DNIC-AS-01208, US",US
AS197422,"TETANEUTRAL-NET-AS, FR",FR
AS855,"CANET-ASN-4, CA",CA
AS1555,"DNIC-ASBLK-01550-01601, US",US
AS102,"NSF-HQ-AS, US",US
AS3428,"ESNET-AS, US",US
AS47544,"IQPL-AS, PL",PL
AS6848,"TELENET-AS, BE",BE
AS25369,"BANDWIDTH-AS, GB",GB
AS41809,"NETIA-AS, PL",PL
AS33660,"CMCS, US",US
AS38731,"VTDC-AS-VN Vietel - CHT Compamy Ltd, VN",VN
AS26347,"DREAMHOST-AS, US",US
AS3813,"SOGANG-AS-KR Sogang University, KR",KR
AS347,"DNIC-ASBLK-00306-00371, US",US
AS16185,"RINGNETT-NORWAY RingNett AS Autonomous System, NO",NO
AS47066,"PRGMR, US",US
AS38,"UIUC, US",US
AS19969,"JOESDATACENTER, US",US
AS8648,"ONE-NETWORK, DE",DE
AS56153,"LUUTRUSO-AS-VN Digital Storage Company Limited, VN",VN
AS208169,"ARTIKEL10, DE",DE
AS60036,"DYFED-IT-SOLUTIONS Dyfed IT Solutions Ltd, GB",GB
AS1403,"EBOX, CA",CA
AS44034,"HI3G, SE",SE
AS19148,"LEASEWEB-USA-PHX, US",US
AS4390,"BELLATLANTIC-COM, US",US
AS24,"AS24, US",US
AS210,"WEST-NET-WEST, US",US
AS17676,"GIGAINFRA SoftBank Corp., JP",JP
AS49409,"IVERNORGE, NO",NO
AS34878,"KIT Karlsruhe Institute of Technology, DE",DE
AS56655,"GIGAHOST, NO",NO
AS22646,"HARCOM1, US",US
AS45037,"HISPAWEB-NETWORK, ES",ES
AS39737,"PRIME-TELECOM-AS Prime Telecom, RO",RO
AS51815,"TEKNIKBYRAN, SE",SE
AS58291,"COLOCENTER, NL",NL
AS202662,"Hytron Network Services, HK",HK
AS3635,"BEA, US",US
AS2263,"FR-RENATER-IMTA-RENNES IMT Atlantique Bretagne-Pays de la Loire, EU",EU
AS39438,"-Reserved AS-, ZZ",
AS12741,"AS-NETIA Warszawa 02-822, PL",PL
AS62563,"AS-GLOBALTELEHOST, CA",CA
AS32489,"AMANAHA-NEW, CA",CA
AS39013,,
AS26381,"HSBC-COM, US",US
AS35492,"FUNKFEUER, AT",AT
AS32613,"IWEB-AS, CA",CA
AS13188,"TRIOLAN, UA",UA
AS267546,"GOIAS CONECT TELECOM EIRELI - ME, BR",BR
AS322,"DNIC-ASBLK-00306-00371, US",US
AS216398,"HPI, DE",DE
AS6056,"COLBY, US",US
AS213354,"INTERNATIONAL-HOSTING-SOLUTIONS-AS EU DC route, GB",GB
AS60117,"HS, AE",AE
AS5786,"UPRENET, PR",PR
AS342,"DNIC-ASBLK-00306-00371, US",US
AS254,"OPENTEXT, US",US
AS142036,"HOSTEONS-AS-AP Hosteons Pte. Ltd., SG",SG
AS211857,"NSHOST, RO",RO
AS44489,"STARNET, CZ",CZ
AS12508,"AS12508 Bratislava, Slovak Republic, SK",SK
AS28640,"VIPWay Telecomunicacoes Ltda, BR",BR
AS134835,"SNL-HK Starry Network Limited, HK",HK
AS137085,"ANI89-AS-IN ANO Broadband Service Pvt Ltd, IN",IN
AS204548,"CLOUDWEBMANAGE-IL-FR, US",US
AS135377,"UCLOUD-HK-AS-AP UCLOUD INFORMATION TECHNOLOGY HK LIMITED, HK",HK
AS35758,"HQSERV_NETWORKS, IL",IL
AS49981,"WORLDSTREAM, NL",NL
AS2161,"HPINC, US",US
AS38136,"AKARI-NETWORKS-AS-AP Akari Networks, HK",HK
AS3320,"DTAG Internet service provider operations, DE",DE
AS12417,"DHH-AS, HR",HR
AS16276,"OVH, FR",FR
AS39771,"RVI, FR",FR
AS55720,"GIGABIT-MY Gigabit Hosting Sdn Bhd, MY",MY
AS679,"TUNET-AS Technische Universitaet Wien, AT",AT
AS198385,"ALPINEDC, CH",CH
AS54548,"PROFITBRICKS-USA, US",US
AS202921,"CC_INTERNET, CZ",CZ
AS13036,"TMOBILE-, CZ",CZ
AS337,"DNIC-ASBLK-00306-00371, US",US
AS3790,"RADIOGRAFICA COSTARRICENSE, CR",CR
AS634,"DNIC-ASBLK-00616-00665, US",US
AS41047,"NL-MLAB MLAB Open Source Community, NL",NL
AS3388,"UNM-AS, US",US
AS577,"BACOM, CA",CA
AS31034,"ARUBA-ASN, IT",IT
AS20240,"VENTURAFOODS, US",US
AS202401,"WEBHOSTING24-AS Webhosting24 GmbH, DE",DE
AS20258,"ANALOG-DEVICES, US",US
AS368,"DNIC-ASBLK-00306-00371, US",US
AS231,"MISU-231, US",US
AS25512,"CDT-AS The Czech Republic, CZ",CZ
AS892,"EBSI-ISP-FO-01, US",US
AS317,"DNIC-ASBLK-00306-00371, US",US
AS27823,"Dattatec.com, AR",AR
AS46,"RUTGERS, US",US
AS33083,"AXCELX-NET, US",US
AS24620,"RTU, LV",LV
AS1999,"HOUSE-AS-1, US",US
AS35041,"NET-BINERO-STHLM1, SE",SE
AS41676,"JMDI ORG-JJM1-RIPE, PL",PL
AS2559,"VISANET-1, US",US
AS57717,"FBX-AS, NL",NL
AS62365,"DESANET-AS Friedrich-List-Platz 2, DE",DE
AS2119,"TELENOR-NEXTEL Telenor Norge AS, NO",NO
AS600,"OARNET-AS, US",US
AS8767,"MNET-AS Germany, DE",DE
AS1415,"CHNETWORK, US",US
AS3216,"SOVAM-AS, RU",RU
AS906,"DMIT, US",US
AS33,"HPINC, US",US
AS8283,"COLOCLUE-AS Netwerkvereniging Coloclue, Amsterdam, Netherlands, NL",NL
AS62248,"MODIRUM, EE",EE
AS210218,"OPENFIBER-ITALY, IT",IT
AS6553,"HTCNET-ORG, US",US
AS48874,"HOSTMAZE HOSTMAZE, RO",RO
AS20756,"NAMESHIELD, FR",FR
AS20745,"ASCN, IT",IT
AS40244,"TURNKEY-INTERNET, US",US
AS360,"DNIC-ASBLK-00306-00371, US",US
AS63023,"AS-GLOBALTELEHOST, US",US
AS340,"DNIC-ASBLK-00306-00371, US",US
AS35612,"NGI-AS, IT",IT
AS8560,"IONOS-AS This is the joint network for IONOS, Fasthosts, Arsys, 1&1 Mail and Media and 1&1 Telecom. Formerly known as 1&1 Internet SE., DE",DE
AS12488,"KRYSTAL, GB",GB
AS101,"WASH-NSF-AS, US",US
AS5663,"EDCNET, US",US
AS56803,"AS-DATASOURCE, CH",CH
AS213230,"HETZNER-CLOUD2-AS, DE",DE
AS32167,"LSHIY-USER-CONTENT, US",US
AS2872,"NCTY, TR",TR
AS20623,"SAFELINES, IL",IL
AS204911,"SYSTEMLOS-AS, DE",DE
AS25486,"LUN-AS Lightup Network Solutions GmbH & Co. KG, DE",DE
AS44869,"FIBIA-P-S, DK",DK
AS46844,"SHARKTECH, US",US
AS62005,"BV-EU-AS, EE",EE
AS59444,"ASAMSNET, PL",PL
AS2928,"COAT, US",US
AS396362,"LEASEWEB-USA-NYC, US",US
AS807,"FORKSYSTEMS, US",US
AS197706,"KEMINET A datacenter located in TiranaAlbania. Webhosting, Dedicated Servers, VPS, IPv4IPv6 leasing, AL",AL
AS212050,"DIN-SERVER, DK",DK
AS42237,"W1N, GB",GB
AS4831,"MELCO-NZ-AS-AP Melco Sales NZ Ltd, NZ",NZ
AS60781,"LEASEWEB-NL-AMS-01 Netherlands, NL",NL
AS361,"DNIC-ASBLK-00306-00371, US",US
AS13977,"CTELCO, US",US
AS226,"LOS-NETTOS-AS, US",US
AS213250,"ITP-SOLUTIONS, DE",DE
AS4892,"APPLIEDUK-CLOUD-04, US",US
AS372,"AS372, US",US
AS396949,"CLOUDWEBMANAGE-TX, US",US
AS70,"NLM-GW, US",US
AS400771,"CODEHOF, US",US
AS35680,"VOLIA, UA",UA
AS205714,"TELE2HR Telemach Hrvatska d.o.o, HR",HR
AS260,"GTT-DXB, US",US
AS48927,"ESEVEN, DE",DE
AS675,"MSUS-AS, US",US
AS57269,"DIGISPAINTELECOM, ES",ES
AS356,"DNIC-ASBLK-00306-00371, US",US
AS41108,"FIRSTROOT-AS, DE",DE
AS5716,"CYBERCOM, US",US
AS400861,"0X7C0, US",US
AS20115,"CHARTER-20115, US",US
AS24940,"HETZNER-AS, DE",DE
AS42708,"GLESYS glesys.com, SE",SE
AS19838,"BLUE-WATER-NETWORKS, US",US
AS1897,"EUNET, PT",PT
AS61323,"UKFAST, GB",GB
AS5638,"BREWER-SCIENCE, US",US
AS33491,"COMCAST-33491, US",US
AS20278,"NEXEON, US",US
AS54965,"NYU-POLY, US",US
AS36236,"NETACTUATE, US",US
AS50266,"ODIDO, NL",NL
AS6939,"HURRICANE, US",US
AS207713,"GIR-AS, RU",RU
AS2497,"IIJ Internet Initiative Japan Inc., JP",JP
AS20101,"MICHWAVE, US",US
AS204779,"LOCALNET, FI",FI
AS396527,"MIT-PUBWIFI, US",US
AS5026,"LVVWD, US",US
AS8764,"TELIA-LIETUVA, LT",LT
AS61112,"AkileCloud Network, GB",GB
AS2037,"CSUFRESNO, US",US
AS33650,"COMCAST-33650, US",US
AS2535,"BP, US",US
AS6799,"OTENET-GR Athens - Greece, GR",GR
AS39742,"ITM, UA",UA
AS49042,"-Reserved AS-, ZZ",
AS50297,"INFIUM, LT",LT
AS18978,"ENZUINC-, US",US
AS30836,"NET23-AS, HU",HU
AS46375,"AS-SONICTELECOM, US",US
AS14155,"RURAL-TELEPHONE-SVCCO, US",US
AS572,"GBMC-TOW, US",US
AS393856,"WGELD-ASN, US",US
AS61102,"INTERHOST, IL",IL
AS20523,"Budapest, Hungary, HU",HU
AS397715,"KPFA, US",US
AS557,"UMAINE-SYS-AS, US",US
AS20114,"KEATING, US",US
AS44679,"BINBOX-GLOBAL-SERVICES, RO",RO
AS203394,"-Reserved AS-, ZZ",
AS207781,"MCL-AS Marcel Menzel, DE",DE
AS398,"AFCONC-BLOCK1-AS, US",US
AS8468,"ENTANET ENTANET International Limited, GB",GB
AS2685,"ATGS-MMD-AS, US",US
AS23118,"SKYBEST, US",US
AS268,"USUHSNET-AS, US",US
AS30036,"MEDIACOM-ENTERPRISE-BUSINESS, US",US
AS16735,"ALGAR TELECOM SA, BR",BR
AS6830,"LIBERTYGLOBAL Liberty Global formerly UPC Broadband Holding, aka AORTA, NL",NL
AS9443,"VOCUS-RETAIL-AU Vocus Retail, AU",AU
AS166,"IDA-AS, US",US
AS6730,"SUNRISE, CH",CH
AS6127,"IDSC, EG",EG
AS671,"DNIC-AS-00671, US",US
AS393408,"UNIV-PORTLAND, US",US
AS33667,"CMCS, US",US
AS8953,"ASN-ORANGE-ROMANIA, RO",RO
AS20571,"EXOMI, FI",FI
AS5410,"BOUYGTEL-ISP, FR",FR
AS616,"DNIC-ASBLK-00616-00665, US",US
AS14,"COLUMBIA-GW, US",US
AS46015,"EXABYTES-AS-AP Exa Bytes Network Sdn.Bhd., MY",MY
AS211301,"UNESTY Unesty Company, DE",DE
AS20799,"DATANET-AS Datanet at ARK Data Centres - Secure Racks and CoLo, GB",GB
AS565,"VTT-AS VTT autonomous system, FI",FI
AS35179,"KORBANK-AS Korbank S. A., PL",PL
AS33387,"NOCIX, US",US
AS190,"DNIC-AS-00190, US",US
AS18460,"FHSU, US",US
AS12479,"UNI2-AS, ES",ES
AS2494,"MUWNET MUWNET Autonomous System, AT",AT
AS45570,"NETPRES-AS-AP Network Presence, AU",AU
AS5036,"WCA, US",US
AS4760,"HKTIMS-AP HKT Limited, HK",HK
AS207083,"HOSTSLIM-GLOBAL-NETWORK, NL",NL
AS22047,"VTR BANDA ANCHA S.A., CL",CL
AS15133,"EDGECAST, US",US
AS29287,"AT-WZN-AS Wien Energie, AT",AT
AS3491,"CONSOLE-CONNECT-ASN, US",US
AS12824,"HOMEPL-AS, PL",PL
AS13110,"INEA-AS, PL",PL
AS3842,"RAMNODE, US",US
AS4867,"CBOE, US",US
AS12605,"LIWEST-AT Linz, Austria, AT",AT
AS12767,"PRAGONET-AS, CZ",CZ
AS4773,"MOBILEONELTD-AS-AP MobileOne Ltd. MobileInternet Service Provider Singapore, SG",SG
AS5726,"INTERWORLD, US",US
AS205399,"HOSTIGGER, US",US
AS5719,"SUNYSB, US",US
AS29134,"IGNUM-AS Czech Republic, CZ",CZ
AS1611,"MABELTEL, US",US
AS204471,"KARSOLINK, IT",IT
AS209,"CENTURYLINK-US-LEGACY-QWEST, US",US
AS30722,"VODAFONE-IT-ASN, IT",IT
AS1348,"CA-DOTNET-AS, US",US
AS22,"DNIC-AS-00022, US",US
AS2147,"PA-AS The Press Association Ltd, EU",EU
AS394380,"LEASEWEB-USA-DAL, US",US
AS55103,"THIN-NOLOGY, US",US
AS35426,"NEXTMAP, FR",FR
AS34779,"T-2-AS AS set propagated by T-2 d.o.o., SI",SI
AS44176,"ASVNEXT, SE",SE
AS49453,"GLOBALLAYER, NL",NL
AS3,"MIT-GATEWAYS, US",US
AS21334,"ASN-VODAFONE-, HU",HU
AS39694,"-Reserved AS-, ZZ",
AS680,"DFN Verein zur Foerderung eines Deutschen Forschungsnetzes e.V., DE",DE
AS9534,"MAXIS-AS1-AP Binariang Berhad, MY",MY
AS3215,"France Telecom - Orange, FR",FR
AS42927,"S-NET-AS, PL",PL
AS210226,"WINDCLOUD40-AS, DE",DE
AS34989,"SERVETHEWORLD-AS, NO",NO
AS9381,"HKBNES-AS-AP HKBN Enterprise Solutions HK Limited, HK",HK
AS4788,"TTSSB-MY TM TECHNOLOGY SERVICES SDN. BHD., MY",MY
AS204641,"ECOMPUTE, RO",RO
AS29119,"SERVIHOSTING-AS AireNetworks, ES",ES
AS4954,"CARR, US",US
AS16117,"GAVLENET se.gavlenet Autonomous System, SE",SE
AS979,,
AS37680,,
AS2675,,
AS35916,,
AS900,,
AS13156,,
AS200019,,
AS26848,,
AS25820,,
AS60251,,
AS208626,,
AS400754,,
AS207279,,
AS27411,,
AS1970,,
AS57271,,
AS199950,,
AS399629,,
AS50840,,
AS47674,,
AS212744,,
AS59253,,
AS20845,,
AS11427,,
AS205766,,
AS250,,
AS338,,
AS29141,,
AS32872,,
AS1701,,
AS43513,,
AS196682,,
AS399820,,
AS212263,,
AS89,,
AS21064,,
AS201838,,
AS48635,,
AS702,,
AS20612,"SWISSIX, CH",CH
AS39326,,
AS29075,,
AS328364,"Host-Africa-AS, ZA",ZA
AS62,,
AS1239,,
AS351,,
AS553,,
AS15600,,
AS19764,,
AS11232,,
AS21409,,
AS49367,,
AS68,,
AS52173,"MAKONIX, LV",LV
AS207408,,
AS39471,,
AS78,,
AS6866,,
AS121,,
AS202425,,
AS5650,,
AS9063,"SAARGATE-AS VSE NET GmbH, DE",DE
AS542,,
AS24953,,
AS6199,,
AS32244,,
AS2072,,
AS3958,,
AS23961,,
AS167,,
AS140,,
AS8717,,
AS400682,,
AS3213,,
AS20958,"SIGMA-IT-AS, IT",IT
AS20708,,
AS468,,
AS1312,,
AS14117,,
AS15943,,
AS2046,,
AS357,,
AS9105,,
AS1627,,
AS40138,,
AS268482,,
AS49544,,
AS45177,,
AS36850,,
AS7015,,
AS140787,,
AS11550,,
AS6109,,
AS216127,,
AS33668,,
AS833,,
AS19722,,
AS82,,
AS3943,,
AS324,,
AS19893,,
AS3233,,
AS50613,,
AS15958,,
AS19844,,
AS199524,,
AS4717,,
AS427,,
AS30,,
AS20536,,
AS20005,,
AS4283,,
AS199968,,
AS397142,,
AS57811,,
AS2116,"GLOBALCONNECT-, NO",NO
AS208621,,
AS35434,,
AS7195,,
AS2094,,
AS263608,,
AS48,,
AS19995,,
AS24757,,
AS7922,"COMCAST-7922, US",US
AS566,,
AS57043,,
AS12,"NYU-DOMAIN, US",US
AS17356,,
AS7684,,
AS1267,,
AS34911,,
AS5429,,
AS47890,,
AS45839,,
AS49289,,
AS5974,,
AS2162,,
AS44963,,
AS26042,,
AS20491,,
AS44925,,
AS5089,,
AS26383,,
AS2015,"MSEN-SYSTEM, US",US
AS203380,,
AS871,,
AS1650,,
AS510,,
AS34001,,
AS2683,,
AS1406,,
AS2516,,
AS2,,
AS2640,,
AS19911,,
AS47570,,
AS39385,,
AS198440,,
AS30900,,
AS134697,"LAUNTEL-AS-AP Launtel, AU",AU
AS2033,,
AS8412,,
AS29551,,
AS7545,,
AS201682,,
AS8,,
AS14277,,
AS38195,,
AS35661,,
AS2636,"LOUISVILLE-MSD-ASN-01, US",US
AS8972,,
AS376,,
AS4474,,
AS875,,
AS4764,,
AS549,,
AS4767,,
AS208323,,
AS14956,,
AS2018,"TENET-1, ZA",ZA
AS2514,"INFOSPHERE NTT PC Communications, Inc., JP",JP
AS9,,
AS202282,"FIBRUS, GB",GB
AS208367,,
AS51659,,
AS673,,
AS200462,,
AS212238,,
AS141968,,
AS35,,
AS60294,,
AS8943,"JUMP, GB",GB
AS15704,,
AS213373,,
AS13348,,
AS14061,,
AS33490,,
AS43341,,
AS13030,,
AS40749,,
AS13022,,
AS396097,,
AS20942,,
AS20847,"PREVIDER-AS, NL",NL
AS28258,"VERO S.A, BR",BR
AS44,,
AS4262,,
AS53850,,
AS58791,,
AS3927,,
AS19701,,
AS39375,,
AS13213,,
AS1767,"ILIGHT-NET, US",US
AS1102,,
AS206,,
AS44486,"SYNLINQ synlinq.de, DE",DE
AS47610,,
AS35100,,
AS2496,"UKANS, US",US
AS258,,
AS33661,,
AS20339,,
AS40676,,
AS49392,,
AS98,,
AS39788,,
AS3261,,
AS50360,,
AS399334,,
AS57944,,
AS200651,"FLOKINET, IS",IS
AS48721,,
AS803,,
AS30633,,
AS56630,,
AS9829,,
AS204615,,
AS56067,,
AS50673,"SERVERIUS-AS, NL",NL
AS39698,"MBAUER-ASN, PL",PL
AS396856,,
AS210630,,
AS6302,,
AS30083,,
AS21612,,
AS10996,,
AS43847,,
AS19861,,
AS19201,,
AS40021,,
AS59711,"HZ-EU-AS, BG",BG
AS7418,"TELEFONICA CHILE S.A., CL",CL
AS4685,"ASAHI-NET Asahi Net, JP",JP
AS29222,"INFOMANIAK-AS, CH",CH
AS57370,"WINGO, CH",CH
AS9145,,
AS6718,"NAV NAV Communications, RO",RO
AS2603,,
AS207459,,
AS364,,
AS2118,,
AS39421,,
AS208476,,
AS22612,,
AS206264,,
AS204196,,
AS11847,"OTT, US",US
AS397373,"H4Y-TECHNOLOGIES, US",US
AS39650,"ATRINCOMMUNICATION, IR",IR
AS57860,"ZENCURITY-NET, DK",DK
AS58073,"YISP-AS, NL",NL
AS2117,"Garching, Germany, DE",DE
AS35425,,
AS51395,,
AS21100,,
AS54290,"HOSTWINDS, US",US
AS326,,
AS2495,,
AS40000,,
AS198610,,
AS2021,,
AS42275,,
AS6871,,
AS1835,,
AS36352,,
AS20857,,
AS6200,,
AS46841,"FORKNETWORKING, US",US
AS33837,,
AS140599,,
AS20300,,
AS863,,
AS8218,,
AS93,,
AS212317,,
AS4922,,
AS1,"LVLT-1, US",US
AS41634,,
AS20572,,
AS200514,,
AS2732,"VALLIANT-TEL, US",US
AS200490,,
AS170,,
AS1975,,
AS352,"DNIC-ASBLK-00306-00371, US",US
AS9050,,
AS55430,"STARHUB-NGNBN Starhub Ltd, SG",SG
AS13435,,
AS20860,,
AS20832,"FUSE2, GB",GB
AS20676,,
AS5617,,
AS49,,
AS9136,,
AS1982,,
AS589,,
AS20539,"TCRS-AS Sumy, Ukraine, UA",UA
AS198859,,
AS207424,"HYNET Hyena Network AS, BE",BE
AS15108,,
AS4769,,
AS20473,,
AS4538,,
AS216246,,
AS786,,
AS15796,"SALT-, CH",CH
AS3301,,
AS198930,,
AS20001,"TWC-20001-PACWEST, US",US
AS41653,"AQUARAY, FR",FR
AS5528,,
AS58915,,
AS200136,,
AS203446,,
AS197648,,
AS27176,,
AS34665,,
AS205235,,
AS31103,,
AS19994,"RACKSPACE, US",US
AS6703,"ALKAR-AS, UA",UA
AS13339,,
AS350,,
AS864,,
AS6072,,
AS4758,"NICNET-VSNL-BOARDER-AP National Informatics Centre, IN",IN
AS21337,"UBBNET, BG",BG
AS13045,,
AS945,,
AS30823,"AUROLOGIC aurologic GmbH, DE",DE
AS43317,,
AS21140,,
AS12360,,
AS141995,"CAPL-AS-AP Contabo Asia Private Limited, SG",SG
AS12353,,
AS15502,,
AS59741,,
AS5491,,
AS42621,,
AS44820,"TUTHOST, UA",UA
AS33705,,
AS14670,,
AS1255,,
AS97,,
AS29518,,
AS1311,,
AS17488,,
AS33652,"CMCS, US",US
AS212663,,
AS195,,
AS28855,,
AS6233,"XTOM, US",US
AS560,"LVLT-560, US",US
AS4739,"INTERNODE-AS Internode Pty Ltd, AU",AU
AS19,,
AS20804,,
AS65,,
AS51290,,
AS263812,,
AS207656,,
AS27364,,
AS12392,,
AS670,"DNIC-AS-00670, US",US
AS211882,,
AS13692,,
AS3462,,
AS16019,,
AS846,,
AS273,,
AS6079,,
AS32181,,
AS39405,,
AS8926,,
AS203020,,
AS29,,
AS31148,,
AS1380,,
AS20447,,
AS17,"PURDUE, US",US
AS45007,,
AS47172,,
AS209424,,
AS51262,,
AS48926,,
AS12496,,
AS5602,,
AS882,"GONET-ASN-17, CA",CA
AS56380,,
AS16342,,
AS18,,
AS7562,,
AS2055,,
AS42159,,
AS45144,,
AS47692,,
AS52423,,
AS19707,,
AS13315,,
AS198985,,
AS133159,,
AS19108,,
AS35699,,
AS559,,
AS35518,,
AS20791,,
AS20626,,
AS21226,,
AS396089,,
AS3786,,
AS8708,,
AS545,"NRI, US",US
AS26548,,
AS210329,,
AS47447,,
AS2164,,
AS396190,,
AS21624,,
AS36493,,
AS1205,"JKU-LINZ-AS University Linz, AT",AT
AS17017,,
AS13233,,
AS12322,,
AS5769,,
AS44709,,
AS10143,,
AS202759,,
AS396948,,
AS20714,,
AS26,,
AS45102,,
AS206216,,
AS11878,,
AS42487,,
AS15497,,
AS20395,,
AS57,,
AS55286,,
AS57169,,
AS10796,,
AS336,"DNIC-ASBLK-00306-00371, US",US
AS1759,"TSF-IP-CORE Telia Finland Oyj, FI",FI
AS6394,,
AS9031,,
AS1103,,
AS20214,,
AS20576,,
AS210352,,
AS518,,
AS209605,,
AS48031,,
AS51741,,
AS39835,,
AS3308,,
AS20880,,
AS270,,
AS399804,,
AS16202,,
AS8473,,
AS2030,,
AS200533,,
AS151338,"POLONETWORK-AS-AP POLONETWORK LIMITED, HK",HK
AS61424,,
AS328720,,
AS2027,"MILKYWAN MilkyWan, FR",FR
AS339,,
AS267,,
AS21266,,
AS25,,
AS40029,,
AS37611,,
AS40994,,
AS4318,,
AS10929,"ESTRUXTURE-QC-10929, CA",CA
AS2114,"ESIC, ES",ES
AS3173,"STANLEYWORKS-BE-AS, CH",CH
AS20765,,
AS400304,,
AS268581,,
AS47,,
AS207143,,
AS4837,,
AS31898,,
AS31863,,
AS6224,,
AS8881,,
AS25353,,
AS4761,"INDOSAT-INP-AP INDOSAT Internet Network Provider, ID",ID
AS4007,,
AS59684,,
AS877,,
AS13541,,
AS137443,,
AS56300,"MYREPUBLIC-SG MyRepublic Ltd., SG",SG
AS6407,,
AS197019,,
AS59491,,
AS1249,,
AS1420,,
AS6111,,
AS20677,,
AS205388,,
AS19045,,
AS672,,
AS40065,,
AS2121,"RIPE-MEETING-AS, NL",NL
AS20454,"SSASN2, US",US
AS44812,,
AS39585,,
AS34702,,
AS199087,,
AS6057,,
AS11403,,
AS84,,
AS56381,,
AS22773,,
AS46887,"CROWNCASTLE-AS46887, US",US
AS28685,,
AS1634,,
AS2088,,
AS24589,,
AS9269,,
AS400846,,
AS55,,
AS15366,,
AS6724,,
AS15435,,
AS396507,,
AS37,,
AS136052,,
AS7552,,
AS133481,,
AS1620,,
AS204957,,
AS3559,"KORNET-AS-KR Korea Telecom, KR",KR
AS16652,"RISEUP, US",US
AS39810,,
AS208942,,
AS6319,,
AS39962,"PRETECS, CA",CA
AS20464,,
AS44901,,
AS375,"TIETOTIE-AS Keilalahdentie 2-4 02150 Espoo Finland, FI",FI
AS48550,,
AS21639,,
AS16509,,
AS39798,,
AS611,,
AS9008,,
AS14007,,
AS138062,,
AS206238,,
AS161,"TI-AS, US",US
AS31334,"KABELDEUTSCHLAND-AS, DE",DE
AS202131,,
AS20712,,
AS199246,,
AS693,,
AS21323,,
AS44716,,
AS348,"DNIC-ASBLK-00306-00371, US",US
AS29802,,
AS13625,,
AS26832,,
AS29169,,
AS9070,"COOOLBOX, BG",BG
AS211720,"Datashield, Inc., SC",SC
AS7725,,
AS395089,,
AS3303,,
AS5740,,
AS19504,,
AS4557,,
AS77,,
AS20836,,
AS125,,
AS3232,,
AS8866,,
AS24282,,
AS35592,,
AS2002,"KYN-GTS, US",US
AS15557,,
AS6142,,
AS13,,
AS206804,,
AS334,,
AS2606,,
AS7,,
AS197071,,
AS2103,,
AS701,,
AS44066,,
AS719,,
AS903,,
AS3061,,
AS104,"COLORADO-AS, US",US
AS1257,,
AS209696,,
AS6025,,
AS200223,"ETHERON, NL",NL
AS60571,"AS60571, DE",DE
AS43,,
AS2914,,
AS32,,
AS41281,,
AS160,,
AS1983,,
AS20742,,
AS8075,,
AS1136,,
AS62336,,
AS2856,,
AS1612,"FLUXTEL, US",US
AS20242,,
AS34288,"AS34288 EDU-ZG-CH - Public Schools in the Canton of Zug, CH",CH
AS7992,,
AS13537,,
AS409,,
AS11572,,
AS216418,"FSCD-NET, IT",IT
AS7018,,
AS395853,"NYCMESH, US",US
AS2505,,
AS39287,,
AS399,,
AS19770,,
AS50968,,
AS11351,,
AS61157,,
AS792,,
AS3287,,
AS353,,
AS13037,"ZEN-AS Zen Internet - UK, GB",GB
AS1221,,
AS198225,,
AS72,,
AS20477,"RANDOLPHTELEPHONE, US",US
AS41075,"ATW-AS, HU",HU
AS33287,,
AS149440,,
AS1140,,
AS201146,,
AS1149,,
AS4459,,
AS3561,,
AS398101,,
AS16,,
AS4766,,
AS1101,,
AS35470,"XL-AS, NL",NL
AS60118,,
AS3527,,
AS30860,,
AS60131,,
AS3401,,
AS203953,,
AS27715,,
AS33915,,
AS205007,,
AS208046,"MALIEVA, FR",FR
AS55081,"24SHELLS, US",US
AS39839,"DK-PUNKTUM The .DK TLD Registry, DK",DK
AS212520,,
AS31371,,
AS12759,,
AS897,,
AS41164,,
AS15353,,
AS3549,,
AS81,,
AS398355,,
AS6805,"TDDE-ASN1, DE",DE
AS202,,
AS400006,"DIGITAL-MONKS-01, US",US
AS276,,
AS21021,,
AS200918,,
AS292,,
AS30766,,
AS8339,,
AS61125,,
AS395354,,
AS20053,,
AS3365,,
AS25668,"CIPHERKEY, CA",CA
AS20338,"MYTELASN, US",US
AS4977,,
AS13367,,
AS3243,,
AS45731,,
AS5568,,
AS197225,"AIRNET, LT",LT
AS63997,,
AS36149,"HAWAIIAN-TELCOM, US",US
AS27,,
AS8437,,
AS12161,,
AS135411,,
AS6855,,
AS40056,"WGLV-20, US",US
AS21008,,
AS212531,,
AS24800,,
AS3758,,
AS627,,
AS397423,,
AS21250,"BAHNHOF Former Tyfon Svenska AB - Sweden, SE",SE
AS213,,
AS11796,,
AS208258,,
AS27005,,
AS211619,,
AS153,,
AS2044,,
AS212027,,
AS5610,,
AS21499,,
AS48101,,
AS61998,"SZERVERPLEX, HU",HU
AS2047,,
AS33651,"CMCS, US",US
AS48514,,
AS202302,,
AS15735,,
AS14536,,
AS13806,,
AS3366,,
AS43927,,
AS17506,,
AS264009,,
AS20228,,
AS31,"CIT, US",US
AS393886,,
AS20773,,
AS307,,
AS39622,,
AS29580,,
AS57403,,
AS43289,"TRABIA, MD",MD
AS400564,,
AS288,,
AS48900,"INFODATACENTER, BG",BG
AS133752,,
AS28753,,
AS3269,,
AS61493,,
AS29314,,
AS20853,,
AS51059,,
AS36007,,
AS12570,,
AS1974,,
AS43557,,
AS57858,,
AS2025,,
AS42,"WOODYNET-1, US",US
AS61272,,
AS49447,,
AS87,,
AS92,,
AS207992,,
AS13744,,
AS378,,
AS34011,"GD-EMEA-DC-CGN1, DE",DE
AS198967,,
AS4319,,
AS43205,"BULSATCOM-BG-AS Sofia, BG",BG
AS4851,,
AS982,,
AS4940,,
AS88,,
AS60522,,
AS1916,"Rede Nacional de Ensino e Pesquisa, BR",BR
AS39912,,
AS21325,,
AS6876,"TENET-AS, UA",UA
AS3925,,
AS34222,"ZONER-AS, CZ",CZ
AS91,,
AS201308,,
AS6040,,
AS359,,
AS8422,,
AS32338,,
AS50,,
AS23881,,
AS8849,,
AS9044,,
AS12093,,
AS63267,"FAYETTEVILLEPUBLICUTILITIES-TN, US",US
AS132,"WPAFB-CSD-NET-AS, US",US
AS5972,,
AS21412,"CGATES-AS, LT",LT
AS196,"BOEING196, US",US
AS157,"HPE-15, US",US
AS201579,,
AS3470,,
AS876,,
AS399275,,
AS14196,,
AS21231,,
AS13483,,
AS16075,,
AS321,,
AS6181,,
AS127,,
AS21247,,
AS4887,,
AS43350,,
AS209045,,
AS200233,,
AS335,,
AS271,,
AS56030,,
AS5,,
AS133206,"DPL-AS-AP DGTEK PTY LTD, AU",AU
AS51681,,
AS24955,,
AS1659,,
AS33657,,
AS44103,,
AS4181,,
AS62744,,
AS210731,,
AS2149,,
AS3329,,
AS50349,"TIMPLUS, PL",PL
AS54913,,
AS19437,,
AS10242,,
AS21130,,
AS3083,,
AS45382,"EHOSTIDC-AS-KR Hostcenter, KR",KR
AS138,"DNIC-AS-00138, US",US
AS30798,,
AS33885,,
AS3292,,
AS3223,,
AS62282,,
AS4890,"ASN-RICHLINE-FL, US",US
AS56,"DNIC-AS-00056, US",US
AS31027,,
AS20419,,
AS11426,,
AS205100,,
AS60567,,
AS22989,,
AS4270,,
AS24768,,
AS3356,,
AS37218,,
AS12552,,
AS47436,,
AS20904,,
AS23470,,
AS2108,,
AS21161,,
AS49505,,
AS8772,,
AS13046,"ASN-ISKON, HR",HR
AS32329,,
AS9790,,
AS15626,,
AS20055,,
AS201814,,
AS12312,,
AS20969,,
AS55688,,
AS884,,
AS293,,
AS20910,,
AS2519,,
AS137,"ASGARR Consortium GARR, IT",IT
AS24961,"MYLOC-AS IP Backbone of WIIT AG formerly myLoc managed IT AG, DE",DE
AS8916,"PORTFAST, GB",GB
AS63,"LL-MI, US",US
AS4364,"IGLOU, US",US
AS63949,,
AS3209,,
AS4514,,
AS861,,
AS7506,,
AS1781,,
AS3938,"NTTA-3936, US",US
AS40924,,
AS45012,,
AS306,,
AS1562,,
AS10489,,
AS174,,
AS2527,,
AS5645,,
AS1216,,
AS34,,
AS44477,,
AS5606,,
AS1024,"CANAD112, CA",CA
AS48605,,
AS7765,,
AS6,,
AS362,,
AS203476,,
AS252,,
AS36375,"UMICH-AS-5, US",US
AS48314,,
AS20740,,
AS5117,,
AS201133,,
AS2860,,
AS19898,,
AS6661,"EPT-LU Entreprise des P. et T. Luxembourg, LU",LU
AS6128,,
AS452,"AFCONC-BLOCK1-AS, US",US
AS399686,,
AS46475,,
AS2875,,
AS8100,,
AS210079,,
AS29278,,
AS203727,,
AS12731,,
AS4804,,
AS58061,,
AS45629,"JASTEL-NETWORK-TH-AP JasTel Network International Gateway, TH",TH
AS346,,
AS34700,,
AS30764,,
AS13124,,
AS278,,
AS44133,,
AS29066,"VELIANET-AS velia.net Internetdienste GmbH, DE",DE
AS32097,,
AS2011,,
AS239,,
AS198156,,
AS5432,,
AS209582,,
AS194,,
AS39857,"TKY-AS, FI",FI
AS210278,,
AS21211,,
AS27747,,
AS61138,,
AS64396,,
AS8400,,
AS20347,,
AS21188,"UNILEVER-ES-UK, GB",GB
AS2614,,
AS51396,,
AS44592,,
AS200052,,
AS198093,,
AS54858,,
AS870,,
AS60404,,
AS28573,,
AS852,,
AS619,,
AS9009,,
AS45250,,
AS51167,,
AS687,,
AS6256,,
AS49774,,
AS43902,,
AS48374,"GOBLER-AS, DK",DK
AS6167,"CELLCO-PART, US",US
AS910,"NORTA-CANAL, US",US
AS2907,"SINET-AS Research Organization of Information and Systems, National Institute of Informatics, JP",JP
AS12874,"FASTWEB, IT",IT
AS5543,"TEST-ASN1, RU",RU
AS20130,"DEPAUL, US",US
AS53486,"NRBN, CA",CA
AS19668,"PRICEWATERHOUSECOOPERS-MSO, US",US
AS43641,"SOLLUTIUM-NL, PL",PL
